"","KOPT-K1.DMSO.1","KOPT-K1.DMSO.2","KOPT-K1.DMSO.3","HPB-ALL.DMSO.1","HPB-ALL.DMSO.2","HPB-ALL.DMSO.3","WT.COLD.1","WT.COLD.2","WT.COLD.3","HPB-ALL.SAHM1.1","HPB-ALL.SAHM1.2","HPB-ALL.SAHM1.3"
"SLC8A1-AS1",8.28715166357709,8.2856280956324,8.25843789705841,5.0900632166556,4.72472074027127,4.72889828258403,8.19011678144584,8.28301958127189,8.06321789772886,5.7698443874325,5.7985542108118,6.15840740943602
"ZNF37BP",5.19677568303137,5.01039095349035,5.03899262012347,6.85325406885858,6.10837160992037,6.6531015274575,4.77128397069546,4.37929619796369,4.34989032268576,7.41472222297741,7.15222350870141,7.41832092362935
"LOC100130476",3.73395893592031,3.65601246536577,3.74057541277112,4.51591318725162,3.69179779760819,4.38573383707567,3.63178220776308,3.38194246115661,3.23577872663766,5.47172533818151,5.45789106863928,5.2525983922439
"HERC2P7",3.84280793017741,3.6173979245369,3.53041738963468,3.03929773781606,3.25326958559874,3.44608787259964,5.25019679256614,4.67745692009972,5.04231597764542,2.85644045712329,3.08185729243651,3.2670967876308
"PAXIP1-AS2",6.05696649784758,5.93486901517436,6.1034963553855,6.77291027376664,6.162102279189,6.13305275117986,5.43842945996993,5.45890573131489,5.60883600472092,7.07742153053336,6.7856800763825,7.09487215566108
"PRINS",6.76974579466185,6.78033838422615,6.86189970613707,5.79798503350364,6.39083314029299,5.85039276767553,7.91460035476234,8.10240784672582,8.13461109958659,5.71186275245919,6.14756148055699,5.9643407529022
"ZBED6",7.4061990523459,7.85293845064963,8.05233509271001,7.91530567925775,6.31286899918763,6.50891060401193,6.45626394281103,6.71775275726125,7.28640656233973,8.0364354794756,7.89607662519798,7.92986761128514
"LINC00888",8.23411121600186,8.22961482492152,8.24092127161662,7.2778133077823,7.10016537561643,7.35042269915155,7.29975429524452,7.6226149970791,7.18546832601032,7.86364049723598,8.25024755735316,8.1400652048074
"LOC100505915",6.31299379724735,6.19169471297802,6.13235522797134,4.59594598821996,4.43576918152763,4.53966503146208,7.26581569708484,7.3674717578763,7.7355807757964,5.09790364954812,5.23074708085678,5.01989639608844
"MIR210HG",6.21457283276394,6.52393396084231,6.6591683577553,6.01383562835625,5.79197013688958,5.94760453451983,5.64698521412154,5.75080930657845,6.18488376735262,3.85945454481446,4.17593053835732,4.2201683795656
"RAB30-DT",5.45683884736581,5.34988164360425,5.47590799671834,6.474002505515,5.53867503850644,5.65425733131494,4.10601632909902,4.44977892486006,4.38858360079443,6.68344508824182,6.8473804494787,6.9147615973309
"LINC00408",5.46777585313129,5.34586604929751,5.28897019638659,4.39969942263232,4.71745351073355,4.50307710199433,6.55914027274271,6.36738587434835,6.29480529472769,4.2807559956686,4.5622462104473,4.47572439139594
"RAD50",5.75518938372247,5.90855197418009,5.91411528099844,7.36397976410212,7.51506113937086,7.40544139711575,5.18000387302738,4.56465735263875,4.67442915769617,7.28179045125366,7.04319729327041,7.19584821396994
"RBM5",4.22626211230304,4.65164698553505,4.43313441586042,5.65655824963179,4.86379065514797,4.87033578817129,4.52577012431123,4.66265451325642,4.7073314261322,6.24668685884431,6.02579180557211,6.11826229115365
"PRKRA-AS1",7.04296665697887,7.23565948683976,7.27654057764293,7.10379741899848,6.72252344972063,6.90820121946988,5.93632767887504,5.88307562780228,5.88605741555608,7.50785762017462,7.56610965965601,7.47508373424078
"LINC02504",4.53301358609346,4.64312564801372,4.7652271128216,3.90578172928176,4.53055177392252,4.18515031445507,5.39661529574529,5.98426700391974,6.02300760847378,3.85819823532243,4.0202570097581,3.98205865627469
"LOC101928626",3.99575098862834,4.25852100963947,4.05563972098888,3.24591655659276,3.19360326018734,2.90834847743438,5.17342463375405,5.05586352971765,4.81535023507739,2.99661496155994,2.85884561029183,2.73967776438133
"EIF1",5.6971070870896,5.65796683180737,5.25715055774936,5.84243557488483,5.72061234412828,5.77016109400728,4.78960614822773,4.40232371253377,4.35056205711515,5.76993636387473,5.85436951487242,5.80315410474227
"PCGF3",4.96712715968008,5.24697389287105,5.1966756865576,6.49200046089517,5.76363159549299,5.74220443882244,4.34293995871173,4.54587139672666,4.55825316784068,6.6290371910719,6.69874943040681,6.77630914056058
"ATP8A1",6.76243817842217,6.99331868887939,6.76596491380752,7.88631843768967,7.81957209093242,7.91216865611665,5.84566788212261,6.19898361572688,5.67627201913133,7.94020510705239,8.00724130857993,7.99733727668726
"ADARB1",7.22389668286634,7.12017956774295,7.02609623594472,7.47256388698354,7.45215175161796,7.52178083867496,6.10392920023288,6.14975285490077,6.12874405747994,7.65277126691394,7.63567695839554,7.71526295785187
"ST3GAL6",3.76141201403574,3.60894489912668,3.85733004109009,4.83796430898684,5.28744319202787,5.06248321355376,3.2950155364121,3.41896153984042,3.43520312742631,5.5319770318925,5.90298333233865,5.9201172383963
"RBM14",7.33306264050699,7.54613944633013,7.38332469519772,5.74792608837875,5.87062025138498,5.63296763440618,6.91419574833489,5.93631624659412,6.28011697614396,5.61049814024503,5.36073845582458,5.48332916273648
"DDX17",9.52937309828662,9.69558440037602,9.61493858038637,8.87301208035687,7.24944761402956,7.48132649210171,7.87427543876817,8.57392612613469,9.01040331759205,9.78551130698931,9.7336841292821,9.7649356461338
"CEBPG",8.80575365815239,8.66042141907234,8.63281805565095,8.50603362513711,8.2085311924168,8.37260020786093,7.5782994291496,7.80113273461538,8.00322568406588,8.9253111046859,8.89475800949305,8.92281038227296
"TXNIP",8.86847181261327,8.95795929399418,8.99782699573204,8.03955677459415,7.35990651710825,7.38465803381623,8.39842485351078,8.15964039387268,8.44961197056123,9.08815648195765,9.014137469848,9.2073333976072
"NFAT5",6.5540314121796,6.71619582624235,6.82278447235462,6.99612291795445,5.90403752580558,5.98090273294471,6.19725547043151,6.40485626046085,6.56960324055821,7.60905153640483,7.49451603526729,7.64228774585284
"TOB2",5.98466447948563,5.75597523288871,5.49496866586523,6.60754634805425,5.99734182291719,5.93516000063181,5.3711972061655,5.23116352685276,5.12599755872349,6.76791469850633,6.71302890840039,6.64195828173394
"ZNF271P",5.02135274297987,5.07374151150115,5.03444804621975,5.00744032599986,4.48532279098784,4.72217338961929,4.12297773940916,4.09258847204613,4.21987792194103,4.9005367814932,5.23832051504457,5.14895260135882
"WDR4",7.28727524905596,7.31861797454984,7.4273289665428,8.74534362592472,8.42279758032117,8.73702686289273,6.18488220034409,6.3712502064321,6.22628964322596,8.1208564362327,8.33827501179375,8.21547742899493
"CFTR",6.1178715216339,6.03840390075827,5.88709341106353,7.92799125324983,7.91493973340766,7.85886739726476,4.96041281381895,4.55671211549898,5.45920788771002,7.68429188473702,7.73938762847814,7.6544063321982
"ENTR1",5.10855913871933,5.25875832503995,5.30815622466625,5.57970610935247,5.27853733895529,4.94724530843201,4.5599677011736,4.00114274622126,4.51495948847765,5.86790633555037,5.54470138370098,5.61129004981354
"FERMT2",5.81865309830678,5.58620165557152,5.57424646597401,7.23145692695479,7.3105596505627,7.2807412852422,5.30945257182354,4.77171331498795,4.1022880629277,7.4753124063706,7.45972662574702,7.52840977198516
"KIF3A",5.22020215964177,5.43610015944526,5.64209131048264,6.76078064464848,5.86736776052789,6.17781431051503,4.83122706313693,4.70447587155036,5.02344273843769,6.84181953045805,6.82159610088771,6.5494239906398
"CHM",5.60295087518973,5.29493422056076,5.28821924664755,5.142746966011,4.18292635352544,4.42029752273396,4.51565969529909,4.58386422820216,4.70040638456744,5.139600308119,4.94992041632982,5.2733234615581
"XPOT",9.74811885408753,9.90192087298462,9.82541923614315,10.4346463108971,10.5136806122898,10.4571673823855,8.56302040936465,8.59133310453856,8.84204214910462,10.4300681143324,10.5556762677952,10.5560171225885
"KLF12",7.74782854284773,7.80653839223541,7.62898001774703,7.13717897517028,5.55701617064932,5.94392346015949,6.5895734226262,6.90517352049544,7.21605288770288,7.38904469270467,7.2021250402725,7.29887237464914
"MGAT4A",9.632536054893,9.65365470092028,9.81399833877769,7.9929503555052,7.19038184850686,7.45579916112836,8.99105252478966,8.92460444340035,9.4009645280523,8.42015677937644,8.34371572097214,8.45928195108785
"CBX3",7.44566256636223,7.48171227013146,7.58237453717234,7.46109188870126,6.66972163153148,6.92004649933439,6.40989376746333,6.55441833035453,6.68668341221135,7.57715354308802,7.21486894046654,7.64664399952092
"ESCO1",7.52182808063093,7.73872724383529,7.7658261217493,7.49547659411467,6.47717195886281,6.65860566960877,6.9299893664441,7.32020063058847,7.48578835037322,7.85509266961364,7.79294818040429,7.76422158162401
"MYSM1",7.8187009448112,7.70990628255236,7.66809639564242,8.3819260704943,7.93211679134539,8.30394506263922,6.98515422439743,7.00365166690128,7.16597973481151,8.66546380887356,8.62185409494627,8.64336580382624
"FBXO32",7.37381509229529,7.45508836402856,7.33980896307174,5.60779762923903,5.88030419827823,5.46676463050453,6.33962275697449,6.77288843696503,6.38985502410303,6.1753747930087,6.07374905321345,6.1217869848401
"GBP5",5.3824448648068,5.67319230084905,4.92159059871555,3.03181688912995,3.16134955768947,2.81057078662257,4.50046126855729,4.20934763129159,4.24864624205659,3.20085699935707,3.07431086066262,3.23964443660125
"LRRC58",7.02484846711882,7.18163747258752,7.40065034197285,7.98888910664741,7.10410058819642,7.47803273278098,6.67940613044211,6.4526431145179,6.57188719130928,7.98037952806538,7.99580812432228,8.01654456373926
"NIBAN1",6.7123783968798,6.86331533743511,6.54435389703851,5.94167931496994,5.27115340320351,5.7079487054915,5.15301542410301,5.28602722741079,5.7440834810879,6.42170934441294,6.31158995337194,6.46798863622713
"FRA10AC1",3.49215767583001,4.05917611063298,3.81099770840853,4.64130306459257,4.14270029289608,4.33708802781355,3.42690502700163,3.2422356587114,3.36246986414802,5.00396849242547,5.06053167192946,4.90165216191682
"ZNF641",5.63157653412151,5.98872754556608,5.89250773506955,5.91444569381443,5.3164533978779,5.52477017001219,4.70989485269066,4.99970875955377,4.95669749596015,6.44750860333268,6.10698868214037,6.35099627045033
"UHMK1",8.00748631671046,8.23252360277216,8.28013349072907,8.93885407053355,7.55514873729907,7.9035966473617,7.0845562837875,7.17775810926954,7.62182191196255,9.33236046562884,9.02285929359168,9.20104086444652
"IQGAP3",6.45287801192994,6.50955642813212,6.57597696832258,5.43234699627738,5.37792804890473,5.0952882818747,6.14878062573812,6.37892787846649,6.5771507879026,6.32726435157817,6.38607242904114,6.07767064629501
"AASDH",8.04550117745341,8.01458735868055,7.98011754102757,8.54785420174717,8.01254460680369,7.98179347908958,7.27024098625072,7.70657302237733,7.73955835589218,8.79104886709953,8.69217850785851,8.81496571560257
"C5orf24",6.50363938409008,6.7331996600326,6.63505602410523,7.98657814980381,7.4321566166035,7.67738960268502,6.02593685359084,5.78191165582474,6.24733811270235,8.41504382674435,8.21414459927374,8.38209687529117
"CR2",8.91327914939918,8.9278775828511,8.69564878341859,9.11672762863494,9.10956811500554,9.19484546318063,7.61100138361041,7.84514547749701,7.85411227544789,8.30884879139109,8.36157530511893,8.31412008080413
"APOOL",5.21775916111236,5.42958220600463,5.44923557007555,6.83672957219837,5.88280324292658,6.08230539301629,4.80738779201662,4.77168403287625,4.99902106393694,6.74982958936065,7.0462527124247,7.14861800729872
"DOCK11",6.6633011176461,6.95427406032839,6.96938687855101,5.68352177990048,4.55973029450146,4.7040412131684,5.48328133030993,5.83819989071664,5.82122902997814,5.91327259034737,6.30835258130784,6.11155692185846
"SPTY2D1",7.23197868279707,7.35245499918607,7.23545775813501,8.20777060301657,7.63434934847892,7.85368889468411,6.76318907445464,6.36322122029096,6.83909191854241,8.40505368074656,8.4126612436456,8.15653020951247
"CSNK2A1",4.37300959091346,4.5640447827518,4.52384231762184,6.27166674352135,5.3837327803533,5.08010122663747,3.88199115516581,4.1696311557707,3.96369067954764,6.06639781136035,6.37979921784743,6.32239218747268
"DPY19L3",6.41111962244216,5.94559386788815,5.50813315076521,6.55687217813736,6.14724451460369,6.65805123340642,4.86736024208855,4.65994070699816,5.04365292457229,6.41020245179255,6.68309721669768,6.54627462917088
"CTBS",8.01540887745723,8.38637944948175,8.24247952755136,6.36323015187089,5.97672907222451,6.19270214520106,7.69489870857379,7.80342534499216,7.64022393292617,7.07369626040357,7.2267589990833,7.06737436928374
"TTC30B",4.00557163025529,4.45896582216973,4.31359448586866,5.81913364308291,5.19705361215296,5.28568113809593,3.81874005140514,3.6911655821788,3.62674913761826,5.89812121089417,5.91371161613638,5.99126671376302
"ZNF595",7.20140700098078,6.84117797247533,6.9298723712512,4.07645166771041,4.34774109549338,3.87042759427952,7.95124685234539,8.14992957659398,8.31378998352857,4.16793700866864,4.05302825589452,3.65479080743658
"CREBRF",6.88342510789669,6.83407526225853,6.6254134148349,5.73535714620709,5.17276672784849,5.23511112728468,6.14759795781372,5.96866858740593,6.24208824307539,6.63311777753999,6.70532574207286,6.78658117399953
"CYP1A2",6.80354548307138,6.51385376554399,6.90064735856194,5.76257866521888,5.95636488319191,6.01493946765319,7.67832164110948,7.82294097967928,7.83680355409352,5.88025756971151,5.88424492244331,5.7868074893064
"ESCO2",8.77886357439782,8.94052567035588,8.92442454435536,9.29263034723298,8.32838696328918,8.47732731804871,8.50740238329515,8.7447424148018,9.00946286228601,9.6594309833413,9.58745251108124,9.55397728476411
"LRATD2",6.15354128547037,6.18215244885478,5.96411425604356,7.5277584223622,7.37405144992037,7.68436257571768,5.40722593005132,5.54093351587049,5.25678367222462,8.15997346799834,8.31416930817193,8.1533222807808
"RASEF",11.5495212530475,11.2044403131336,11.1993161494528,8.68290298488748,8.42548130389207,8.31546523219102,12.3644160362393,12.2750052502506,12.4005549468293,8.80384227585054,8.60066619056507,8.66901256173833
"PRUNE2",5.05773004669838,4.92490263763566,4.71443601996529,5.63549979773871,5.47330318955421,5.6309592823028,4.37051202253638,3.92538507536135,4.33317468362828,6.03962811710571,5.9195453381074,6.06632061712871
"PGBD4",4.54638500684023,4.75002771471078,5.02433734089738,5.29544869358568,4.20407551439507,4.35086441924447,3.99691145386802,4.23602092088963,4.37930262110439,5.46708702074383,5.59813218998933,5.24657769476453
"DBT",5.90505391168214,5.93845968725953,5.92537648096533,6.13945500576543,5.76877229975731,5.98477987847299,5.17783816394787,5.3259356236949,5.32388242290887,6.34867571705647,6.34826843307056,6.46037133959344
"ZNF320",7.75568427707229,7.97508036067308,7.70056706968898,8.15766004391126,7.58012119962803,8.18326199008305,6.93387669741944,6.92029194066264,6.97864914692685,7.87315435877474,8.20548447622955,8.27609086176767
"DDIT3",8.67088153405088,8.59768069428289,8.69400356521218,7.6539205834073,7.75950669324451,7.65787333293904,7.68442782437991,7.7488196974142,7.54984600205162,8.41260291026457,8.30659231761961,8.2587011268427
"FAM171B",6.90331997902805,6.71187809989126,6.56389606890046,4.13436920407624,3.85266983686329,4.16905006637962,5.9609593984706,6.02497076956534,5.83476557227148,4.05405079473166,4.52829274153702,4.2201683795656
"DDX6",5.27567074871607,6.16609008076882,5.79111198949232,5.76257866521888,4.43313441586042,4.61380890257389,4.63278296179407,5.30404272627505,5.33393222083305,6.00103357361422,6.1554333433764,5.90473152677912
"DMXL1",8.63636285830646,8.58844272721563,8.44698374618,8.53476713927544,8.40607023358733,8.50303672194528,7.53797296674804,7.51289688394904,7.76889310923223,8.54801912612704,8.85337203526834,8.85656221387981
"SPATA5",6.52695214941096,6.53854598566152,6.56329953838866,7.96983348898599,7.88137777077717,7.77172781799665,5.50444834688782,4.95323718665501,5.70086013175009,8.09475007864261,8.0901054065835,8.07040380253845
"RASSF6",3.20062369427411,3.74573482648371,3.64618958922049,5.08962007149,4.7436859444652,4.94861489397686,3.43199212528101,3.25865484134275,3.73797459000124,6.49948600495982,6.89992686519357,6.712497010873
"TIMM8A",5.08389720592212,5.44009717495594,4.81635198582502,3.39379310549966,3.15400571552117,3.24172554136904,6.34344914682654,6.86844023290621,6.67593326247742,3.56168188691506,3.58460775447925,3.42310274742164
"ZNF800",8.5239364544265,8.49786247448229,8.5317488295421,8.37030572596465,7.25387362929902,7.30756773449708,7.71135737282282,7.89893389959712,8.32483554880981,8.85757463866673,8.7033065881812,8.65599281028208
"FUT11",4.40564969343128,4.83919412263853,4.46558423842224,6.67681723640733,6.4625815227421,6.35291604720294,4.27442264414818,4.38201774637478,4.62010614964516,5.65375332399012,5.45980847582993,5.33971775840717
"AGA",7.35384299504766,7.44700739857247,7.63048192001496,7.68735637197394,7.36915337601,7.72305331533167,6.60008321096157,6.29732013160599,6.52844276347521,7.8153600890399,8.0982215826569,8.09562916300863
"DTX1",8.43391733987018,8.34999324383403,8.22407090665322,7.56555329667935,7.73808097235813,7.68908473887768,7.32106174333278,7.67713631842548,7.42761799336514,6.47258939192661,6.33598122172886,6.29390911473503
"ABCA1",3.84016114442565,3.6782565176206,3.74959599279329,6.62429065188047,6.31771687397164,6.68618796028425,4.66245371409785,4.67065856155813,4.31421956069411,5.74014661659849,5.55611000055854,5.84509633304864
"EGR1",8.92378159999856,9.19510095855261,8.96324095590603,4.85670771069935,5.07512759249938,4.94557569730866,8.38418399713192,8.38469257440434,8.45121185545921,5.82071333513552,5.72880890002457,5.83204590300575
"ZNF585A",6.49215574622628,6.43190906942582,6.43980500529591,6.43703254046069,6.21099839788492,6.3634226132739,5.50735406660871,5.58128280841911,5.58847430403879,6.84121619280968,6.8599669514041,6.67778127553459
"SPNS3",7.91843802727819,7.87285546052506,7.58076212284897,4.46152657130594,4.92973789003145,4.83559954585691,6.44438720880965,6.17679268284034,6.59958583316808,5.45660357083303,5.52712586536406,5.2451837600691
"RAB12",4.60644029471145,4.66410439869932,4.59787366346366,6.02321922177721,4.90641054778975,4.766163045542,4.15672952999623,4.12493641694941,3.79917362829739,6.94177643822123,6.62965101802964,6.69430623007606
"HACD2",7.62784706286004,7.73283255260021,7.70304227376044,8.43727113163892,7.53038001104997,7.73034617051013,6.91958592909901,7.26035842560995,7.29102496356912,8.43468000275007,8.43083630583613,8.42850176316078
"SMIM14",5.10780968534658,5.55974559734668,5.53543512397365,6.39557722187337,5.85743773262092,5.97087390535508,5.18741899201416,5.38977105823729,5.47342750448271,7.15518283199736,6.92029194066264,7.03239791487762
"TMEM268",7.12544442012711,7.31998988915382,7.08263010433586,7.60210116500839,7.68164901790608,7.67173039229984,6.16903946904913,5.9026005457212,6.23295026297794,7.76158261367509,7.74540647716825,7.65787333293905
"EPAS1",7.65949814426185,7.99539499143213,7.86315629197086,3.80171576227804,3.79297863421343,3.99887650646237,6.44588666890157,6.33470329926838,6.56865243913911,3.53333768389163,3.7233736440185,3.72724575143606
"HIPK1",7.43730679434158,7.76279877907961,7.62793955201632,8.46881766931009,7.84765324860143,7.81860636376148,7.1697672223698,7.18614288037172,7.50148245418368,9.03706751516531,8.76088665246976,8.89708306618403
"AK4",5.79476405526844,5.51097994326946,5.64881800580737,5.76408106084014,5.37924130635874,5.06085096534041,5.70896858789674,4.87312887511214,5.13386153055,3.79565623938335,4.34438920912282,4.02371682553449
"EPRS",9.08897351724359,9.05872539174887,9.04791599629993,9.8448309587497,10.1466856893425,9.88518466014945,7.88484846317459,8.09998290275383,8.07538636825775,9.64316214363419,9.81260049782882,9.66256968490537
"ERN1",9.09995028272487,8.90467562577004,8.84925702124071,7.45630780519847,7.42783357524902,7.49987410097874,8.43879890577806,8.2724291389449,8.3845794027581,7.89475677764517,7.89627767773186,8.02607760217477
"EWSR1",6.93632963912984,6.93429449126207,6.94221776941931,6.99946895670877,6.20438022603512,6.00964343230269,6.19214754990784,6.24992362477279,6.43980500529591,7.27188015184861,7.28676358530493,7.16395084104211
"ALCAM",5.45404023573679,5.35712197347413,5.37669979699931,6.06758074637186,5.56231076292437,5.78124747074733,4.72291134813627,4.98847675822529,5.07384755140733,6.3559241714516,6.33346259068344,6.35992024860062
"FANCD2",6.77524729954131,6.50210763242885,6.24516881840161,7.19808179494941,6.77409524099873,7.01141594691623,5.83645170124706,5.89800631400635,5.42173782823676,7.33131498440299,7.19934801500118,7.40500147641997
"TBCEL",6.57231907914346,6.17821165378783,6.48012664637445,6.95106344563676,6.57396208201493,7.05657760597903,5.89610387511003,5.31255706485655,5.59413771168987,7.2276937223042,7.28861847829108,7.23578068999976
"EFEMP1",3.34026139454373,3.2106673355948,3.21155895140018,6.68947452776217,6.8712539455042,6.69064177038911,3.58004318211463,3.35890545542999,3.7645048108824,5.35553440487547,5.30066895133701,5.33268264016118
"NSUN6",5.84502494429369,5.83359622465935,5.75816224442875,6.62626177104288,5.94320467668795,6.11240656816091,5.38679341869121,4.62513274799348,5.23654232744165,6.81092329551197,6.87175906837512,6.86206731589374
"NT5DC1",6.24999391554637,6.24232070744217,5.88079756072358,6.37062011491255,5.78343183179872,6.11411984329316,5.02406166373789,5.13714144493382,5.35157451389835,6.30129843482642,6.30414906182732,6.64243032395048
"BEND6",4.09405407377939,4.75726038553309,4.36888894638863,5.61992064651056,5.22175269889209,5.29704131541125,3.73638207421964,3.76756382274205,3.63564176622008,5.72112330724071,6.02870888760913,5.75211577818838
"ATF5",6.20757410971749,6.12900438967525,5.95636488319191,7.4359337086585,7.41040323776682,7.45350299933803,3.94814380565797,4.2753843286306,4.5475509435544,8.02322520300359,7.75868240252125,7.76227508463474
"ZNF652",5.16685836668348,5.05741135202084,5.44736097346323,7.37486295352226,6.63204730848061,6.81192775849069,5.13988483045018,4.75847764155642,4.96228775782079,8.00272807387941,8.06612083786815,7.93409950141099
"PPM1E",7.5953959433608,7.63224639228352,7.47399785215239,8.28180465456002,8.21831105339661,8.44451414441758,6.87061208358608,6.81536591676568,6.85277912004044,8.51987725008205,8.74085246923678,8.83590089817081
"NLRP1",5.68960657801555,5.79808735044081,5.62564570159665,4.47540481836108,4.90689625307072,4.49831271272592,6.65497541672613,6.57916538117242,6.92125187369258,4.69339611725416,4.93164123793769,4.96138684077245
"FOXJ3",6.08601689044337,6.03066689281152,6.18259019168748,6.61729469797531,6.2278503744359,6.4845583067385,5.25611068539061,5.44059309552813,4.50320690162159,6.4644036303073,6.31797253903804,6.61281022567742
"ARSG",6.59886375829548,6.37588801936596,6.39517797584206,6.91725717144052,6.96369056053806,6.84275170177776,5.35038557849836,5.15019681806977,5.44223081184928,6.90241878821233,6.93495351101521,6.93510450819068
"RUFY3",6.83967272019789,6.81613521001123,6.85451008354314,6.97836402062287,6.67183561535263,6.90892200337591,5.7676006982784,5.14971121844792,5.86728798713081,7.25701989661042,7.30955322035874,6.96732702941246
"SPEN",8.05002599139692,7.99682892406535,7.88846748050322,9.73705429862206,8.47815300273606,8.69614407329573,6.55914027274271,6.90114302428474,7.44649794522078,9.67260752040903,9.52099524963863,9.71247196780887
"PALLD",7.16557334922513,7.24051818314243,7.02369344007405,9.2476728437002,9.15899940632765,9.19773107660773,6.14901864402683,6.30598840648366,6.28142635676932,9.31446810217986,9.38141369781249,9.36803929445096
"ENDOD1",3.90457989703553,3.6572778711725,3.42485222960183,5.36108148924861,5.72406196687548,5.47627857309988,4.0606440465984,4.56351570097708,4.73606777472756,5.4507406383244,5.06637707866842,5.22786446432655
"KDM4C",7.21030970900262,7.1751057219973,7.03058925609359,3.59411200563263,3.18966882305588,3.67072818693701,6.19337194183753,5.95380120147656,6.01951744481498,3.79181287431796,3.75503026483671,3.97905290759558
"ATP11B",8.20603568477058,8.55278772394372,8.57717644414979,8.3735465049869,6.72999995474473,7.11251853323657,7.46109188870126,7.9254006625961,8.3831777152524,8.66889984805898,8.36351571828669,8.46805989090112
"SYNE2",7.96470098201343,7.9795120821882,8.09766367857488,7.75487224297834,6.67628505006794,6.67051428462999,7.16861548661856,7.63276183947749,8.01293470754972,7.60127440790612,7.42485890095212,7.95827812343255
"FKBP15",5.46951784344508,5.57016002262047,5.73050019311939,6.10702815045748,4.7488613312172,5.33490922347792,4.5720725184991,4.65101761711265,4.60273823561762,5.99011296504468,6.0956381765735,6.26886352824408
"DNAJC13",5.45518375057163,5.58865052617375,5.38218500212041,5.65152025118085,4.54912899258204,4.59635667184948,4.56034511552165,3.82847623078213,4.74365625362869,5.95640271616115,6.15459611421221,6.10042036445616
"CLASP1",5.71052271981616,5.50852942971247,5.43772395251766,3.89666130382318,3.65243378517698,3.65912772390814,4.54807522298202,4.74426710960901,5.08587223158146,4.71349199479276,4.76647951765663,4.80390791368079
"MED13L",8.19475077864979,7.18172537496666,7.35827631253593,8.42796408415231,6.8770998378373,7.08607697197184,6.87529135827497,6.80354050676915,6.81639828286937,8.79090720804161,8.8640954978119,8.2012628688821
"DICER1",7.31999715339114,7.37027467910037,7.20338571627627,8.66767463413053,7.9343945769118,8.09354189387305,6.43572994585065,6.43170785188756,6.16923695976349,8.61427201114992,8.8170249509134,8.58234378962671
"CBX5",9.31817077841719,9.41511356122934,9.50775478484348,9.23877756277353,7.97422175335544,8.27323451678278,8.60213139179382,8.66599292179443,8.79078888646303,9.64444262286223,9.49012329049627,9.41009942443324
"SRRM2",6.15284725365737,6.11380635888465,6.07509030321309,6.99621666080546,5.72714167203838,6.03787934057654,5.31918212277709,5.61923518299248,5.69840585946018,7.04958996881105,6.8789045459206,6.85862040729215
"SSBP2",5.75449939649372,6.04824278701436,5.97471253110038,6.92753025437392,7.02738445818027,7.15785709081866,5.04942560963417,5.32042801666061,5.50605987979497,7.49734700343721,7.4848544480983,7.65787333293905
"SLC7A11",8.72890415499591,8.64553612296413,8.51963433528442,7.46677039941367,7.37580769016855,7.44173215409877,5.99454292985258,5.65550104479831,5.32163454621732,8.49929126238012,8.59560338701,8.59974805442454
"TMEFF2",6.9900075918965,6.97717011573977,7.42761737646499,6.74982958936065,7.9437287170526,6.48997880524428,8.04470661516661,8.40251140945462,8.70297583373884,6.78153182406551,6.86034192258847,6.60341017839746
"CUTALP",7.77945540173794,7.92208107025633,7.76115937612483,7.82656774892286,7.11812488689302,7.55536627753742,6.74996577899535,6.47148539790736,6.94587000474476,8.11566443962352,8.1869240503694,8.13992012684779
"RICTOR",6.72698193513653,6.7008570124138,6.63965954398227,7.83890551158923,7.65983855702692,7.91895841643733,6.1194852326804,6.02483027978228,6.16923695976349,8.33161252130687,8.16710986476429,8.17819268015155
"UBN2",4.79834550072448,5.09626928665797,5.12567375935173,6.43703254046069,5.13700270484892,5.04831167445913,4.35908309700653,4.32908754458098,4.36368661018139,7.13736038373455,6.90546291427469,6.45318854012653
"BRWD3",6.29013896735836,6.52887624288041,6.42791235259867,7.26854022929522,6.35604112900618,6.27165464029954,5.72361820842398,5.18573566867047,5.77145718800134,7.38092577149961,7.15334465544042,7.34104008291587
"LTN1",6.62098165125036,6.72808216681862,6.96948361728386,6.68205815617897,4.9290480251478,5.44180127364312,5.62104082601741,5.43429069247912,6.06171877221126,6.84342815329325,6.68654532826608,6.94684484025289
"FGFR1OP2",5.98367162220941,5.84465831220887,5.82061690384561,4.6888708112587,4.76712279487894,4.91453779926601,5.26678818440676,5.71328421328567,5.31595981264135,5.43082815803366,5.35787627934344,5.53717630214799
"GARS",11.948549686437,11.8605265063061,11.8090176458883,11.5016128905312,11.5814333182278,11.4261126657687,10.5459665552707,10.5046741439841,10.6108508305029,11.737703087086,11.7337728469807,11.6928082579988
"GART",6.16094057505663,6.22436140294896,6.04588284086423,8.80284204577028,8.91119098385514,8.93613605561658,4.99181209353323,5.10333929827223,5.19842325916806,8.65071488520741,8.56321569890291,8.40254062857291
"GPR160",7.65459382623462,7.67074002628455,7.71818019746928,8.35377054482444,8.30607328831707,8.38451793813191,6.85111133989115,6.26478477504666,6.66253824748147,8.41506810636997,8.31227103099772,8.39923115663095
"ATP2C1",6.5878908666426,6.56975718595856,6.46661972665891,7.64360542031783,7.38070979831433,7.67788364017851,5.89951756483097,5.7911231640906,5.28240863480637,7.64967677876422,7.6051287783728,7.79627322918019
"UTP25",7.46707392361253,7.40626878190273,7.36663689480679,8.30528089136117,8.04918040434115,8.01336129223302,5.97186270381315,6.32940676257371,6.33921671611851,7.81388124688486,7.87723571601392,8.02772834422301
"GK",5.2276499653703,5.14411956496136,5.00141550593468,5.33917668964074,5.33745945321342,5.36819036306042,4.35719209458106,4.2439423517352,4.36368661018139,5.63951742855021,5.59698969653464,5.45521804999925
"GPD2",5.37745096326529,5.29493422056076,5.29542143614493,5.7327137006386,5.78934858227334,5.72894268371555,4.26022051351414,4.01779044730097,4.17406580261274,5.79539635181863,6.10609253219702,6.00628074546768
"C17orf58",7.34787987240839,7.27407979857047,7.22595613339056,8.32024170435177,8.02881908401475,8.12224084209335,6.15800317581887,6.57964209585456,6.29955647806208,8.25037559035553,8.4027979111736,8.29690524092817
"C20orf197",7.92384467790928,7.97833577553921,7.90078692000248,3.40880553617778,3.65910096191009,3.96974031066621,7.26232174845275,7.28134553228122,7.26109378150313,4.22448492667273,3.79474499412925,4.18146036958423
"FRG1BP",5.15935038951989,4.68342252623105,4.55228066496735,3.2938537020251,3.11449228921579,2.94570186653469,6.65962748118523,6.50657913480873,6.54941016953968,3.33930395381135,3.36246986414802,3.32619436671006
"RPUSD3",5.52114186782431,5.24334689205089,5.22617162329058,6.94892059165763,6.70513293747723,6.72707813155224,3.98355033283774,4.15242370574772,4.54334147993042,6.32361973251809,6.27386533639459,6.42992693557705
"SCAI",6.79779376018017,6.57301869917786,6.36614774199547,7.06539472683704,5.96301660939992,6.09664404493623,5.34332135714283,5.92758185552145,5.88218284738628,7.5640236859087,7.47129835069261,7.23833863327545
"SNX24",4.07546849473155,3.95525942795628,3.85383412212459,4.6823865286257,4.09726488284667,4.3794646972078,3.57294705941332,3.3485772221457,3.37298711365172,4.8757752981578,4.92225119711509,4.90217054103196
"SLC6A16",4.71311994727145,4.68342252623105,5.02252556139779,3.57714859849998,3.47305247491592,3.45191501438646,6.05920898276829,5.52920958452317,6.08519334829655,3.56047510297992,3.42217852875557,3.83442546456458
"ANKRD11",7.3484784400699,6.89900868322016,7.14237336734011,7.89040623161391,7.58503501309034,7.5678302102575,6.59030765619272,6.30440953808018,6.45013976410643,8.20465054577325,7.90261426187606,8.10864927409745
"GTF2A1",7.70559443756433,7.75234980219084,7.82417989762517,7.96330583807562,6.35352205833808,6.47258939192661,6.68460141609022,7.25895601076549,7.69371544219582,8.49495927931786,8.40137408478624,8.32262519386102
"PSAT1",12.5774371835379,12.6238924730568,12.6234424414,10.6504084409667,10.5386020542246,10.7172391264778,10.9244216389063,11.0254121896239,10.9977699352984,11.3511891787442,11.3739070777379,11.4758196270442
"H1F0",9.66576020373189,9.96453723280129,9.87762625075773,7.42583580283574,7.52449725597163,7.69837587715877,8.93566994741244,8.90317967007606,8.66134420260751,7.9347256039921,7.90061514258992,7.98401043655919
"HIST1H1C",11.0347328883365,11.4155983963379,11.4261143191628,9.34175001788184,7.94480709942398,7.9679268302656,10.5690986205972,10.9781161198573,11.1970546076685,9.98377034131192,10.2385472413216,9.80819593798217
"HIST1H1D",10.3512339867097,10.8899422658303,10.9813861060425,8.33338668052918,5.752140214767,5.77528452057501,10.3498617173795,10.6812432523909,10.6460442437752,8.9045427735418,9.43594226699516,8.65528729789359
"HIST1H1E",9.31259393885949,9.70684043846886,9.57529214461717,7.57176549917039,5.07891842783298,5.39414438612395,8.16514937867577,8.79123665637169,8.59725551249274,8.36686344694368,8.74725046927892,8.05182282489705
"ANXA3",6.77636373868644,7.3801445421317,7.37674263764399,3.11885594969707,2.96655614093605,2.91696426899056,3.80264786063646,3.60857245123909,4.21876843813834,3.31473851399214,3.11259139550666,2.9709907301013
"HELLS",7.79866201907032,7.82011911699555,7.78454069528288,8.93280453100043,8.46577445755187,8.50733466225838,7.19585593549092,7.00750630453475,7.21993669088588,9.19598333137733,9.12291319415348,9.04075245008451
"HK2",6.26034018701223,6.07930650321009,6.22564759822835,7.09437616346665,7.21366353265991,7.01671320514739,5.36965876040287,4.57191682347226,4.71615926376992,6.19134514874459,6.26351756437945,6.10961885853601
"HNRNPH1",4.79326642939995,4.79760457042692,4.66953301723083,5.69083197245275,5.01782457009917,5.4070102070039,4.03904646200687,3.62136210181834,3.83483059683744,5.90796715279186,5.73392074427943,5.70532077815242
"HES1",6.71682556812866,6.44421415945933,6.64165588197922,8.73189367360489,8.90836523825671,8.79756105354948,5.50064531437148,5.81137809248995,5.69162964214442,7.81878073178379,7.73686683622085,7.86249175697705
"IARS",12.1347833350547,12.0577082039723,12.0789969902173,12.6100888642932,12.6398852126961,12.5730526725779,10.9423225829957,10.8421821705224,10.8628060044996,12.6643865681944,12.6978158131023,12.6814454614883
"ZNF678",6.72323279769188,6.80405478053659,6.80493252527404,7.22909929286643,6.64525251799709,6.6830924841336,5.61520246338731,5.91257140891442,5.88249200492165,7.76645823575046,7.48402096953469,7.51591656069548
"ID2",6.41069553457589,6.07334148390979,6.23016886297128,8.87713020841595,8.62810988830527,8.87575996945334,5.40669072136598,5.46384405287917,5.8192485057842,9.38984231325852,9.3728190899066,9.40173693277416
"CCDC18",6.76078893567523,6.96454877557696,7.00415320176062,6.57325930592742,4.90779994263412,5.49652776416815,5.8926063291679,6.16495200240616,6.29253411753603,7.30258702102651,7.2787839334138,7.3111635638983
"IFRD1",7.82346831012393,7.68375620542782,7.84557826598567,9.120115143892,9.02878981978379,9.06336247348776,6.88065629836181,6.58145831896979,6.90362286444018,9.4107433178507,9.44438385891488,9.34511540538887
"IGF1R",7.69315697648483,7.71871612767879,7.78421098340995,7.95852739681499,7.35432371009542,7.62318576952675,6.65880312621242,6.52230834755999,6.30685276542419,7.29805023954152,7.2302973000377,7.28573508618718
"ANKRD37",7.93942171039848,7.79103091405429,7.83680355409352,7.99439659016831,7.75248347863665,7.86337555980774,7.56618163897897,7.24975510385916,7.3330187752275,6.74524157375297,6.75984856108029,6.95120177977605
"IL6ST",6.68254246146967,6.75056971498534,7.08634261209238,5.61837617601496,4.77334407932766,4.98456912789326,5.21808107764796,5.5392264989085,5.85321088797267,6.10822001353689,5.83633364336095,5.89610387511003
"IL7R",5.69215722079027,5.67380083054144,5.75731538616968,7.64068107815724,7.64743165456289,7.70735294144898,4.15277613103147,4.59635667184948,4.75226049061098,7.56665594783715,7.8669445213233,7.77393357125298
"RFLNB",7.10314422447553,7.20980431191141,6.96455685617301,5.67652190736437,5.29050573220002,5.54563535567917,6.56277320222711,6.41335085625514,6.74204696541535,6.43907367860171,6.45131384598661,6.40170043068202
"ITGA6",5.90350636162324,5.47717167775961,5.81264343173486,6.78962244313707,6.55749358659518,6.81542695016856,5.63685550785549,4.77325251612891,5.27809901564095,7.45013343797353,7.10068547464142,7.38930349342236
"IREB2",4.80965388000511,4.55747310873326,4.38788274832307,6.10364222169395,5.14424741935777,5.49287022760296,4.22718583446014,3.93655295201672,4.154073649547,6.08221644810851,6.01657297651526,6.27011570779005
"ITGA1",5.99655706435235,6.37191776457053,6.23971604525763,3.34614112404708,3.42690502700163,3.54258764290559,4.65941721201276,5.18788500041833,5.18087647644635,3.33695331658116,3.19607625662607,3.00999678236215
"ITGA2",5.83331332211765,5.49860769366831,5.10502319828684,3.14253033603194,3.1670136038292,2.95917801805296,4.40605848812099,4.2201683795656,4.55861626269135,3.30085625512826,3.01467435592474,3.01860329317184
"ITPKB",4.62096688549392,5.04795588024561,4.48875997666176,5.29003446425221,4.5584127977913,4.85691276908755,4.05698283891414,4.46573785293688,4.18852880110802,5.43836301463493,5.40717883349835,5.45250223855541
"JAK1",8.50382171184608,8.36392736163462,8.4429823305999,7.16644334538579,6.30415053374668,6.27406300296081,7.77776594217393,7.89150284289436,8.12629600587002,7.34841636558534,7.40206446829248,7.19374221874411
"JUN",5.52838870081938,5.2031152867452,5.24415104043619,7.02922647035208,7.013353563497,7.05805637222959,6.59843779949111,6.9933296081798,6.84188015970598,8.49010797873265,8.60585002919664,8.60772473146253
"KCNA3",8.57070857570804,8.51710384697051,8.65022977611785,6.45412641073263,5.82859845130387,5.54773206567457,7.92336766258103,7.977025277855,8.25204719230821,6.86599386387081,6.81865286759391,6.56930206754811
"FAM111B",5.51236839530553,5.59254670205082,5.63296763440618,8.11662858495721,6.6228645455745,6.96531815185862,4.96388868633581,5.21314705686406,5.20111693555149,8.18712331864846,7.94505947484495,8.24924628466145
"TEX9",4.06498329329794,3.70082754519245,3.64602242435639,5.27309793951551,4.53122557336301,4.9800982697944,3.38791584038195,3.5315078153596,3.48775875321143,5.61029908007637,6.01280423978864,6.08483639994324
"ERCC6L2",5.21463470571454,5.31162240278274,4.94557569730866,5.84002241298469,5.36072663111598,5.41378606125884,3.91697348618689,4.42048453322286,4.71925665886082,6.30985038270736,6.41615630974623,6.27432652580214
"MALAT1",11.0660394800602,8.88972270327653,9.86781535842419,6.79730653460111,4.72871343469035,5.78686615502157,8.15237097977712,8.61730491857547,8.15790048711337,7.97535378507575,8.43214323290486,7.86647420741785
"PSMA3-AS1",5.2626099115533,5.26796497743766,5.15920617284942,6.63163496251603,6.14728814410517,6.56132664643366,4.67191159408976,4.04409936061878,4.55780196326262,6.7475297236709,6.94023691799316,7.07274276543317
"C16orf87",4.70210965875459,4.83048752473377,4.64707232219267,5.40520782763226,4.4753018092498,4.31805413865785,4.45574852039605,4.14971374220661,4.49521453140025,5.71223475681194,5.65598513464526,5.70463053010637
"GLIDR",5.69748078536611,5.66165700484343,5.47041428978676,4.59777773276502,4.86821065113666,4.76990836462601,6.16019831050332,6.62098193510726,6.84960579204856,4.66842906056578,4.59290384630848,4.4856767219908
"ZNF818P",4.60959775720624,4.82326536647919,4.42814462773582,4.61250418499283,3.85436824699425,4.50010024921738,3.84672491460188,4.05685809787833,3.85095366154142,4.839965137592,4.60309747946061,5.28063935178127
"FKSG49",8.994820405485,8.79077869538307,9.06095749532762,8.16944140670352,7.78405558741852,7.75178499640396,9.88253595252523,10.017828569242,10.1013664238601,8.23099388074402,8.06496111809582,8.23028042677158
"EML6",5.60295087518973,5.42958220600463,5.49409536205033,5.64621068792604,5.72681349200224,5.85000083943972,4.7232482590668,4.76715535872271,4.68459122571468,6.13474151321392,6.17124704774441,6.10609125397357
"LRMP",7.97949613879805,7.94928967785616,8.01821999206039,8.89244228863724,8.96782608444247,8.98272672656577,7.43078357055702,7.25455610099372,7.28648658196662,9.53938129847345,9.47388626980104,9.45482415593565
"LRP6",6.51818264685674,6.05941696975871,5.98656746639839,7.23776820222936,7.04169843178655,6.93749595369732,4.71163544620438,5.48020504254617,5.63136080921885,7.33605434170372,7.00193024550831,7.16085243476458
"LSP1",6.85772725545917,6.81486935729661,6.76395914345025,6.15063761695729,6.40783781933796,6.3633228294057,6.99046798775206,6.803140712184,6.85663361989629,5.48444748357641,5.04249824202967,5.1869666835024
"LY9",8.96468547310656,8.90216598470177,8.83807285869915,4.6248058475548,4.64098716277012,4.52141570048196,7.92433273318285,7.87973188627896,7.86450721699071,4.78612158883871,4.57768287466623,4.70783675196346
"MXD1",6.00665427292996,5.49095405352754,5.92537648096533,6.8119447440654,6.74901979559526,6.8775177343008,5.44754410914542,5.33096261413623,5.25846643757711,7.40993763251027,7.47897161983033,7.4105804305683
"MAN2A1",8.38802082141396,8.48949678462576,8.29515742036002,9.52395915069664,9.35037518339429,9.50245987691222,7.66144078299466,7.77320011984473,7.32004681010822,9.65903953996191,9.70182916613039,9.74518540100215
"HCG18",5.27104978367013,5.35256769893916,5.45285499622413,5.52839568023623,5.42660891331408,5.41755059611295,4.17010433130909,4.26377295822131,4.36368661018139,5.62383533433868,5.42327980553485,5.4806769088976
"MCC",5.92473944147,6.06666271799191,6.16852275501044,4.27747976245024,3.52749370313782,4.27690214445778,5.40646021119587,5.49657676530133,4.92020062730273,4.49346689888148,4.51451682393843,4.42898414235631
"MDM4",5.00960760708968,4.58393364434766,4.7588971550411,5.30872230547686,4.59635667184948,4.87648441224453,4.46151387743438,4.31407051416703,4.14991879740506,5.77661762048995,5.42693397387957,5.65701804286394
"MEFV",5.33867337813136,5.38898331591451,5.49511600240371,4.33974396905409,4.9875753542879,4.46680119776443,6.65880312621242,6.32940676257371,6.52434234676828,4.21125686314051,4.41834483979858,4.0995517773344
"ATXN3",6.08382139360686,5.71303116758496,5.89346841862095,6.98111813762486,5.77052021448991,6.4303016825509,5.22362432483343,5.60166424894072,5.56223597214774,7.28822853184297,7.45972662574702,6.91709026639397
"ASNS",9.90784301721539,9.75325151878206,9.73406487922359,6.18528789400869,6.07734874977898,6.03831704616172,7.30653289356051,6.74704234145894,6.96258046410242,6.90914162010958,7.0265039929922,6.95206684510082
"SUZ12P1",4.09442967856352,3.95508760200139,3.65452964170729,4.428574098024,3.58124959724288,3.61207434587636,3.85356670499378,4.02473421149913,3.9186445137774,5.10593132385409,5.00696215649504,5.01563402902124
"LOC441666",4.9182947115846,5.29493422056076,5.37947897376083,3.26070711366787,3.11237592908199,3.15861989880959,6.72472685609925,7.21727402345362,6.91432396612996,3.29159140698194,3.37818353009885,3.43227695295221
"MYO1B",7.52371891316232,7.36297528999408,7.34894962608255,7.60837993739159,7.61079749578585,7.73156336952042,6.33392406972359,6.40512130535015,6.38569168180054,7.17691039996881,7.17374452943782,7.32800708134768
"ASS1",8.39882670872097,8.41550319802903,8.3166951567042,6.08063790810629,6.46203538984454,6.03422276993675,6.39871716790772,6.85487700154377,6.81890426904363,7.65036777794698,7.66469816745703,7.62558747536531
"MYH10",7.18200496296074,7.45170151371913,7.24815542973248,9.04658441689278,8.04734837930978,7.96578023222704,6.25711300528574,6.0933060572094,6.61122233208951,9.18104384289077,8.91839039048535,9.06018776462505
"PPP1R12A",9.42347721880431,9.22430930686741,9.220679838272,8.52641424592277,7.85719797861613,7.92567630238017,8.18229256560157,8.05623689991299,8.30660550765899,9.03145583092592,8.73040049910698,8.77793019874259
"ATF3",9.1852023341317,9.09993248396385,9.09153057351705,7.08263286136131,7.19704316792014,7.22299006476598,8.29291677003725,8.2571915046686,8.38719348455002,8.51067371567766,8.4721325494948,8.53090442577397
"NEK1",7.28351551838096,7.07431480037726,6.94471106949459,8.0655951781292,7.94717044574978,8.00021412996723,6.51546260728336,5.96252866322931,6.21492787750069,8.08748343342197,8.29480450529726,8.20041835150433
"NF2",4.15234766288563,4.51348514531921,4.15981701979123,4.65533100092078,4.12620936312118,4.17394697138984,3.52048502343308,3.51514009575197,3.67120457051812,4.64424809275571,4.59381242031871,4.62869246571452
"FXYD2",5.75439610269854,5.96325699463254,5.8873835264993,4.74529282126913,4.26621541267046,4.87687393920028,5.77716607762242,5.86998276389773,5.37225807960115,5.49020438406366,5.51304927425775,5.65152025118084
"NPAT",3.79358414479695,3.85432248125078,4.44288681575705,3.33645780816629,3.88461362599623,3.77539651591978,5.25994277221101,4.93076561088674,4.67332003692392,3.29011804058872,3.25136124512229,2.99375839460943
"ATP2B1",7.74339373701126,7.60197161050742,7.70885776141774,8.0260009744847,7.47052078312162,7.69097155644361,7.07541949116538,6.45679763916281,7.04925176146319,8.15173837849126,8.13176832974119,8.21443829567574
"OPHN1",11.5675898503321,11.442456777153,11.6032215291045,9.91784485491997,10.2704921756498,10.0097426254881,12.4922543131468,12.4745403407401,12.5499909338228,10.1068623761433,9.9154393048678,9.96947440369109
"SCAPER",6.93284967474909,7.00704794249624,6.75381622675485,7.00415932566973,6.52518359004859,7.00883449529494,6.14277135830588,6.25460866570282,5.99887088867413,7.23758503997441,7.19100338639622,7.26086622534628
"OSM",7.12599591290537,6.94828554498996,6.87269733795585,3.56053216455164,3.50025088518559,4.1618496035915,6.15097826080908,6.20038833338783,5.55881600191691,3.33183124426887,3.3021865909029,3.23338228768453
"PAX6",4.09636383053177,3.6900216777899,3.85287716799992,6.19669841345875,5.73599929214988,6.1030196486468,4.00420090731464,3.58265951786827,3.46316473187011,7.22360761935027,7.20639465844662,7.34971778420872
"TAS2R14",6.77647440384999,6.68679704933699,6.68988450863457,5.02231520241202,5.11254206820294,5.10661389177397,6.26161085232216,5.90191145151779,6.06510491625746,5.60542081686517,5.91895985166774,5.61674642676444
"PCBP2",7.41616495278516,7.79484688192795,7.62069748825828,6.47210364237267,5.36843944935075,5.9195453381074,7.08612484817161,7.43733662349161,7.79484688192795,7.11399120194209,6.82375888022799,6.88776544099164
"PCM1",5.91434170300558,6.13481986975409,5.80840066222576,7.73466760071167,7.52478785729152,8.04003025511288,5.19177948132233,5.18675752044557,5.30531854991799,8.15396127407889,8.06517446741879,7.98319880249579
"LACTB2",5.55663798190717,6.1029860896844,5.60409592766278,6.67690915723418,6.33086429443078,6.63768850720611,4.61314271388639,5.21037904031809,5.34397961694456,7.11585216966005,7.01729469152409,7.08581382347762
"TUBE1",8.95890681301599,8.98783159446043,9.0636635977979,8.44245158978421,8.25100414185543,8.50358677760263,7.76989565095424,7.59398574837766,7.80238513228349,9.06079316872339,9.05441495827684,9.16497175086565
"RSRC1",4.17992570708574,4.30619839684079,4.60309676575743,4.97684403881359,4.40181912669183,4.52336288311535,3.57377246695723,3.59750545919187,3.72737848351391,5.48389441615472,5.47022258208508,5.28643244138722
"ZNF107",6.52887718977675,6.16209181075168,6.07650317119616,4.76700521320492,4.64909788152743,4.85175953329982,5.24983383701048,5.61506742700451,5.15017098354077,4.83473255872919,5.15437676622436,4.87751074053334
"ANAPC5",6.12643031020129,6.40143089281926,5.8864137638297,7.19973597426267,6.64712285273971,7.02180209843388,5.16711629628382,6.0323871299878,5.44148747690371,7.38257497791444,7.58007735197823,7.45013343797353
"PCYOX1",6.21701258473515,6.22228533566578,6.16408957511801,6.78277116892938,6.11890927380658,6.30721713034498,5.46664659237936,5.36480222370025,5.22506546354308,6.68703392199707,6.50582542508456,6.69203530797156
"PDK3",5.06025773190648,4.99373304151925,5.32506854136564,7.13194474179851,5.67311584898096,6.08118118135712,4.30410796027848,4.63143530293779,4.47175903000383,7.22392458948249,7.47264475371272,7.28751067441173
"ZFR",8.29969339468116,8.2658374386178,8.20599011534966,8.08951701788962,7.13638105846352,7.43487327021525,7.44374612887137,7.40509947182968,7.72853231665966,8.62223505488096,8.41022065672297,8.36650186862477
"LUC7L3",5.65594503752972,5.68514882203411,5.36344229992049,7.58065273504593,6.80816837648377,7.05505718107315,4.65633186708071,5.13172009169518,5.2864843917227,7.79916891047909,7.51323888670148,7.67300884921283
"ERAP1",5.22698704280561,5.0545619240405,5.06761364982041,7.86059990945283,7.51304955504325,7.80653443468994,4.87481890102632,3.87057967745444,4.60817252106387,8.27677844726465,8.26874858156672,8.32784018129706
"RSF1",6.19713975679756,6.10328851858014,5.93406377149246,7.53329788720451,7.15437999662944,7.45293180592477,5.2135754722825,5.2746544384979,5.66115661732056,7.61929254845715,7.72475063546547,7.83469852964841
"GALNT7",7.39795882839478,7.51560571938567,7.50639149114734,8.4987117904654,8.04244658163187,8.3660392746421,6.87449935358277,6.74524528154959,6.93678103274633,8.90280803672927,8.89807258175862,8.85250434531532
"PFKFB3",8.88033886351321,8.42977782303013,8.6323866999995,8.65595756865634,8.63070150988073,8.74677583515472,7.99998034766419,8.08655296254851,8.03839256841959,7.17694788927534,7.54882761102346,7.4801115423883
"PIK3R1",7.46501229824262,7.41951615186407,7.40454604897122,8.06849569226342,7.31503970315046,7.49974453556054,6.8468569039854,6.80774552236772,6.90528117284212,8.35576443339909,8.15850859800244,8.15714853461524
"PKM",9.2173157958873,9.11754001190191,9.0257006345452,10.3505936295974,10.880412251788,10.7599824999543,8.96894719938312,8.79963461592322,8.93145271013588,9.97837379958579,9.37384673435009,9.5733506566799
"TM6SF1",8.58720239116587,8.42653793671217,8.52670618131853,6.28985988863052,5.80464472519293,5.87952429975972,6.45863918987651,6.36476774778717,6.73252550069669,7.09707745771281,7.11778001524195,7.25714065029434
"GDAP1",6.83895049571905,6.50123725268612,6.85064267861951,7.38893066121651,7.30727410869761,7.57939106227097,5.41010358885246,5.92517290877609,5.98593753591767,7.49049840436247,7.51545301268141,7.57583353642673
"TRMT13",6.37811714915691,6.35019309101974,6.21594409559289,6.8665978229364,5.23674366924831,6.14566536342878,5.0654252773269,4.79873046828051,5.38273249027515,7.14884809072637,7.20514633166414,7.1321132729352
"TMX3",4.1413663311411,4.1026476006806,3.78987090938413,5.25199196685943,4.35339010024737,4.74591718978209,3.44453813087002,3.66002193835016,3.31579444199336,5.30621243873231,5.64444488738413,5.53999161106093
"POU3F2",5.36250101928102,5.19984225523352,5.1683019236299,4.71555894703929,4.14971374220661,3.83440536141194,4.355013865756,4.57965349848823,4.99944989254827,5.12230625216795,5.06532345549516,5.14719379331536
"DDIT4",9.35419427692779,9.38814686458823,9.36826105156723,10.1683645865383,10.0019956234231,10.2515369474788,8.17586460118007,8.10502782336902,8.37351778567204,9.34953233489326,9.24005095399993,9.47103436238117
"LZTFL1",8.17056397715952,8.1646689340163,8.09000735920695,8.60911482926878,8.43590821939057,8.84892238040544,6.67209546297989,6.69095825628665,6.57260466767196,8.53215099027918,8.72168767325944,8.64666545859355
"TMEM106B",8.25818084531041,8.38445692223749,8.40029971769506,4.41628460674487,3.23512916843223,4.02331911528912,7.82233285890332,7.58179017935014,7.98914316239981,4.85278432560995,4.99813453083484,4.47446464629806
"OTUD4",7.4957042427408,7.57338692310203,7.38351126667319,7.25946127488816,6.06798991156407,6.36061808019295,6.38715925424856,6.7794299344456,6.83717317041936,7.15671639292794,6.98709521367037,7.14135476686707
"PPIA",4.78248378008835,4.96124751905966,5.24389818937513,5.36565359737944,3.53912594384795,4.46908655718127,3.74680575304922,4.18970896315848,4.0155057063827,5.36735324899545,5.5202563197191,5.13088764193622
"KLHL24",7.31894845515479,7.26755401056256,7.29418400759743,8.15464706043453,8.09009266149786,8.16991406138554,6.62876713743439,6.16421648961941,6.71135018333469,8.46775246713351,8.44797450509072,8.37932702609262
"GIN1",6.63791150242418,6.75594327498153,6.58497269151353,7.23881296031103,6.84868112433005,7.25640786053055,5.95440056394076,6.0322154250335,5.61283099631515,7.26893810218075,7.3477741603066,7.5485974992162
"BCOR",6.26214439828255,6.21492787750069,5.78386749612576,7.67522191458968,6.14038462586756,6.11112975683555,4.76957381057507,4.89046676072449,4.9247532700523,8.46605331248987,8.54902041690121,8.276676881532
"ZNF770",3.74784880348812,4.43212685967297,4.27848032882547,5.23549037255694,4.17536014442301,4.31112050913278,3.79244242137772,3.64190428574822,3.64062493225226,5.93596494346408,5.76439308164549,5.50138571684394
"GABPB1-IT1",5.27536494004954,4.91497144375813,4.92876523413711,5.65792151773806,4.40840767010664,4.64638846225704,4.31748547086606,4.78217577395061,5.06931991391007,5.84195345584681,5.61328974360099,5.71208507583638
"SUSD4",5.44924288027777,5.51425790947145,5.52157026815665,7.04780039365868,6.53992879647671,6.99635242347444,4.5217387129787,4.57154287414548,4.16229396960776,6.4463309720678,6.20929235359342,6.4747048815573
"WIPI1",6.53675159971733,6.82259942506792,6.42240832052939,4.52161620310769,4.55469542073954,4.37147556936518,5.89982163927151,5.63990417234304,5.4358610322778,4.52844416185543,4.59642493935721,4.65931790939957
"CCDC186",7.08059428003266,7.09279322369242,7.21600648773595,7.49027447707197,6.30565869203737,6.65446324463718,6.08547956915082,6.47227905021126,6.84882400105193,7.90630748233434,7.79897497497481,7.88015579553058
"ATG2B",6.12394578248482,6.16421648961941,5.97807103297752,7.12183542692945,7.02276065879249,7.32877360622932,5.49116132830125,5.44451690483086,5.01267434233085,7.24528543579587,7.40173373697529,7.56002714144361
"PRPF38B",6.83967272019789,6.7489991278099,6.94056420340464,7.41163736940296,6.84121986984361,7.04362554740654,5.64951453218312,6.37754920428488,6.27643864989329,7.63733356277386,7.71981094374783,7.74485179571881
"TMEM33",3.81262653334824,3.9047995091777,3.83575889552674,5.33132057981988,4.2639398313144,4.32691881127137,3.28781131703475,3.53150781535959,3.56790959809592,6.02982624818337,5.74038722168875,5.451501803518
"SLC25A36",4.98173263355667,5.13807236386363,5.13087383586302,6.01379830989498,4.60977689168653,4.95242803081811,4.63089480920947,4.55269744879796,4.58930472826582,6.08116378490801,6.1933447329025,5.90803148009317
"SBNO1",6.49803530136328,6.7642791243531,6.65006079416149,8.0982215826569,7.67832068879741,7.94629348551791,5.7575793448749,5.43196126872304,5.54407072431429,7.68377291683401,7.50732550938099,7.72350822776181
"ATXN7L3B",9.8556717850876,9.85248401480178,9.87606437802369,8.7191096915885,7.63497318877739,7.96591674132538,9.03193950403741,9.35007399756795,9.54031600882315,8.96225761933553,8.78502258334848,8.78526385386669
"MIS18BP1",8.22135829822901,8.53492359818606,8.56782246194588,8.91202080837216,7.86566739575287,7.95703161562941,7.44604875121122,7.78579021167825,8.00536265441631,9.39510553512639,9.22175260499398,9.12791834488014
"ZGRF1",6.90331997902805,7.40481007580419,7.00361944218938,7.97545203007272,7.62961885044806,7.83026343557039,6.68351131113219,6.26485890231114,6.54876407498689,8.27300470457294,8.32528553552033,8.1780140645695
"JPX",6.34363665418184,6.75859512434238,6.51113347655484,7.25286730257743,6.61028641944558,6.97969066250094,5.69004859345866,5.55184955555508,6.16598292290924,7.74640511170685,7.59388603388642,7.70969403866267
"DNAH3",8.37969721345419,8.23819284435519,8.56555653064077,7.18583361442872,7.68068776927302,6.8069014804243,9.1717635590156,9.20250635141823,9.21444629715131,6.85637016179452,6.98254139314837,6.92420256547523
"KIF21A",6.33154572458863,6.74495337236838,6.34841566756762,2.47839707339086,3.13653365119513,2.99406861134594,6.18491017868705,5.43001618818052,5.16577535013904,3.32621601602591,3.34449461052421,2.7461790289061
"CCAR1",4.02903956912929,4.680713659367,4.19512735280406,5.53659487580538,5.48259402515852,5.335288386397,3.52636397269464,3.60216465581945,3.61003824166125,5.81958681893293,5.63236761799664,6.81791343283579
"ZNF83",7.08856688829407,7.39869363101923,7.33794290927441,7.74002351950827,7.11439301586687,7.23525980213582,6.45742316311858,6.57811225183524,6.54393772877463,7.93979071134506,7.72233898375132,7.87763093261733
"MBNL3",7.34357068448876,7.81235780201167,7.70414341502492,7.26589412461159,6.0880775826077,6.13029684903908,6.34529895811199,6.63184416691004,7.02895847839659,7.22945047529811,7.3340441171193,7.30106320825967
"BDP1",6.0430359904132,6.20383369620018,6.30258912065479,7.02850462226312,5.28311727409423,5.47986173472504,5.35300422622039,5.81016378659591,5.80020647513617,7.67999408604682,7.38374466188991,7.32222868814803
"DNAJC3",6.09913897613113,6.2757958050804,6.48342171431077,7.20952620393781,6.31286899918763,6.29894547446601,5.54766740280857,5.41072753827918,5.50270679417521,7.27467380104909,7.28983281616211,7.38494305540018
"LGMN",3.47614894032068,3.68401191935833,3.49794932635304,8.60602446176577,8.44627499072611,8.75278965491281,3.54914597406959,3.61225503704642,4.12928070362016,7.16651064370059,7.7035639160802,7.79260139442284
"B2M",5.07704715317974,5.11447342465595,4.9035383211627,4.23354464732258,3.51384275026386,3.44464796402141,4.09087252063271,4.6593250288288,4.79038181870822,4.60143634958355,4.86140260701558,4.7797228353089
"PNO1",8.87724364894312,9.11061193052469,9.14010806191322,8.61496516854925,9.57629233362751,8.78218402813632,9.51254349081982,9.98824921138022,10.164561713752,8.13629531055489,8.19513534648156,8.07950184584207
"KNL1",8.38111475593974,8.40516496163437,8.27652449427203,8.73716646456901,7.48879200743079,7.67327895105033,7.34915200284681,7.58503971399131,7.81599044330323,9.18321569607265,9.18957907293882,9.11648038404987
"PLSCR4",3.49943575573641,3.69274555678463,4.05948985654285,3.06024412907736,3.22402468298611,3.07041799454825,5.17691701125593,5.31734536387991,4.53671390144324,3.02419793924551,2.96576365574,3.04461266506222
"RTN4",5.08350696235635,5.33399608257211,4.98543510295659,5.1693124868691,4.30192469985684,4.38756427532455,4.59889261074489,4.54608242001696,4.78196829563006,5.54405605981506,5.62784073495045,5.5420718585023
"PTCH1",5.55270951184602,5.33716250744594,5.31795076738508,3.55499652407763,3.33586787004432,3.36609986367464,4.82338417688874,4.64054336212392,4.54271523954317,3.4558654348723,3.87234284887127,3.94014641214817
"SENP7",5.80003366810513,6.1226875426777,6.23260347562504,6.20875272912629,6.09116367638385,6.490101737205,5.4497695543676,5.165368832431,5.13952695799672,6.68590002061095,6.76604471019167,6.73859412205937
"TBC1D24",4.24257937961917,4.83077043259537,4.54638500684023,4.58136920909755,3.78065638534379,4.0735670563398,3.93104423253443,3.9724937915916,4.04029785235794,4.81292897872286,4.78294709385063,4.86563742466975
"KIAA1211",6.16215623303034,6.07167582392899,5.76680138801525,7.00875688138319,6.90933355025293,7.18578190784112,4.67173287004406,4.53240514720068,4.667006371798,6.63182840778086,6.82090101684695,6.5550724970834
"NLGN4X",7.89070125288125,8.2782167342656,8.16230031717598,9.33472084223305,9.04491039675401,9.24338326001018,6.55914027274271,6.8250013794049,6.81959486204778,9.26697129159943,9.36756027619294,9.4670662900415
"TAOK1",7.33491245161698,7.3314164978874,7.15852747034687,8.20421313211155,7.30748165336546,7.39184848160162,6.84361365359758,6.67941815810691,7.16997295839975,8.66227803192411,8.50902048915526,8.51582520494672
"ARRDC3",6.40194400004462,5.88408404458311,6.46516116649991,7.69297252557832,7.1131696103491,7.77889120555131,5.05816864825926,5.49865691830614,5.02162041769364,7.64409841421716,7.75229607589098,7.67899002483734
"SIPA1L2",6.35445561553362,5.70433025147069,5.8147921996099,8.03579394917248,7.86867796861501,7.91583348248263,4.96236592950335,4.81292897872286,5.06740905947028,7.92107790011725,7.91914001933729,7.97638523684334
"WDFY1",7.78368757494307,7.61659189363006,7.45799850812697,6.04859666224588,6.02506123053371,5.71452945677116,6.69661181378488,6.95211039172634,7.3163640499922,6.77836479409879,6.55872817432462,6.6891243647794
"FANCM",5.13566704557444,5.68219273782834,5.5538432333878,5.94275164890856,4.73582906967836,4.88214640283452,4.67370869097892,4.98293764635409,4.79038181870822,6.21073840535458,5.88592091969821,5.86695080740698
"PTPN2",5.7167569701489,5.57797709970945,5.74042726587891,6.26381441392684,5.74972166558058,6.30707384010735,4.95397004729807,4.95669749596015,5.05291413726809,6.33818073666994,6.50187260605364,6.7498005283296
"TRIB3",9.2295057493594,9.33579668247906,9.21035913369092,7.48710991537356,7.48705998069997,7.51269563856676,8.52542802924385,8.4376188994106,8.56716757701087,8.51646597333073,8.68259394218181,8.51518465656571
"RBAK",6.13593150442148,5.68483859011775,5.91695581653127,5.74738589098108,4.35061737077887,5.16642665342485,4.65078438485898,4.69719215543458,5.404106321817,6.04025530811384,5.83963730285888,6.00619617064079
"HES4",7.36769693374423,7.25849755642942,7.19757067822013,7.71235720082643,7.97286292726097,8.03211788715092,6.07183231004306,6.13452079958369,5.8885379254454,6.6488837300505,6.58087604402746,6.78134489993657
"RHOU",7.71882572912167,7.82881384532902,7.87307048900682,11.3693506863485,11.2829644522651,11.3071474845341,6.8131945520138,6.73539276519605,6.54282931900899,10.6590617252179,10.6767637861465,10.6828279183283
"BBS4",6.35445561553362,6.19871300547306,6.03061116985061,7.29178487987054,7.08474623929889,7.29223809085764,5.89061134096387,5.4081026275633,5.46907232460465,7.64378493349556,7.72822703699117,7.70854189393792
"BCAT1",9.43341506505972,9.53828809542417,9.35836400879638,10.9261373285882,10.9550100153249,10.7559674115845,7.5186085147697,7.08181223195899,7.18623335167848,10.8879010627148,10.9943990064031,11.0185150187388
"RAG1",7.54208387103897,7.25509289140381,7.25681906583418,10.7536604907895,10.7319346351095,10.8472994304926,6.08980294743994,5.98826485067783,5.74065812526739,11.2947717229495,11.178334327356,11.1286129619042
"RAG2",5.98019469743518,5.72996344314532,6.02201757555084,7.85977132312509,7.55741680125735,7.69837587715877,5.02920036746303,5.26142660920843,5.00394257587952,8.30374401369346,8.29716467533211,8.57294249785524
"BCHE",9.80263071263806,9.8447214344865,9.91411802090394,10.2718454306022,10.0807699435509,10.1692113295145,8.74263097024868,8.75434921844826,8.92257530539712,9.99613181101548,10.1125950096146,10.1447077423873
"RARA",3.3602242275505,3.57229942482296,3.79740965633862,3.25282623336554,3.03223191983859,2.99847426655564,5.36534864551771,4.14971374220661,4.08956664955658,2.97653236039454,2.80489789820368,3.2295120545244
"RASA2",7.98557249070035,7.93341128942007,7.84475320805253,8.17506868854005,7.99642188904305,7.9149502679797,7.05386571050109,7.16128390849161,7.1381168999712,8.30372832240523,8.2541832330734,8.31380012029912
"PLEKHA2",10.154143970658,10.1847522611884,10.2154273266022,9.86428367016421,8.86878132378933,9.02578297631229,9.15829196676299,9.64524689239141,9.96000853998966,10.0764404002087,9.7316808544568,9.71207067604278
"REST",6.19420759059296,6.04327869444627,5.81286495333495,6.02321922177721,5.22698266036907,5.01774133190851,5.28594573928073,5.67116060862421,5.86767694006064,6.17213111433734,6.17161083056374,6.06103286639981
"REV3L",9.0728456179529,8.96659354545067,8.80612851565065,8.7947372638097,8.62603839553898,8.88914777837157,8.11789925364513,8.12483200794223,8.10854335531087,8.91251401047841,9.08102981485301,9.04890396495153
"RFX3",5.88040672236103,6.32857787082692,6.2452363288793,6.89929695990702,6.01103565018417,6.10366718496439,5.60342577382899,6.03412294603434,5.77331250506366,7.20851067776209,7.00203212851349,7.08040516979115
"RIT1",6.50307358312687,6.14665626021077,6.26350697857033,6.8276369201799,6.69393888903097,6.86554105257084,5.3385452015399,5.51176473821159,5.14225131984382,7.05206708560822,7.24948551722009,7.18883826947291
"BCL7A",7.98547970123787,7.87114680966391,7.8429290101295,8.7828319592225,7.86279902282435,8.0488287250641,7.13490863720245,7.19804852460676,7.46051873588769,9.2773382928582,8.97045752115561,9.08074836719608
"RORA",8.0224704607007,8.1151768001186,7.95162874237634,6.41696487819449,4.8739286764473,5.19634156896651,6.9497024883596,7.38864821107863,7.71742459964045,6.71806759047724,6.4722458214351,6.27604830137069
"RPL38",10.2265505453354,10.1310607689451,10.5669792834636,10.4002748695506,11.2276712415968,10.2094705498813,11.049345762414,11.3621864308445,11.3247089051359,10.3473519422379,10.5175461769495,10.3291764572151
"S100P",6.73704316052477,6.69929947271917,6.61072300474063,3.94725267269382,3.99362060755703,4.16166127576528,4.61301603104909,4.86219846418989,4.58303031322517,3.7848774758456,4.22256907401988,4.34149857490626
"SARS",6.66062107276551,6.5202029312449,6.6954187434862,6.71965391694217,6.71720979992918,6.82172206660847,5.46593413706721,5.23064567231929,5.10038059363304,7.11076624177755,7.15852641401966,6.96602222940643
"ATXN7",6.35445561553362,6.52705505409216,6.28556960905876,7.02633688158289,7.03296621406139,7.01721121322787,5.62309289780115,5.5426955957855,5.5508890289483,7.7498301680998,7.59521514880798,7.36123397843005
"SCN7A",6.99163358414349,6.86994547303775,6.86331334103436,4.01011230782867,4.08195215720633,3.60855934894895,5.09890584967195,5.44091110257123,5.43609466686614,3.83843139325754,3.51184018165718,3.61565463421903
"SEL1L",7.45082078459731,7.7724164620016,7.88591591827019,7.82488190564966,7.00335674187012,7.01721121322787,6.62381466665757,6.8814643818642,6.94994182785888,8.03356610818613,7.78105071085363,8.03334385638267
"TMEM267",4.62252066946508,4.50675760489479,4.73137824295459,5.51087303260184,4.73720641563942,5.39682757191545,4.03894715588265,3.87331975796208,4.00029012253054,5.58745651096422,5.95387844156726,5.88025756971151
"CCDC136",5.25067306076352,5.43595643680703,5.42461200069317,5.86648336860019,5.95252843917999,6.10980663676892,4.52620349528235,4.52336288311535,4.27959355446058,5.96721971936696,6.16098065087931,6.04406917766052
"RFX7",7.89687637709908,7.73848087940038,7.75782992515176,8.27124198100434,7.34387556433542,7.4871394022499,6.97664469085953,6.81559902717347,7.20109569667495,8.51010847745626,8.38026201318255,8.46159253801618
"SLC3A2",10.1627374492008,10.1390399374898,10.1561997007088,9.12544689382593,9.26227472636874,9.16530086411722,8.65595756865634,8.47739007863664,8.19820573160807,9.57399757926166,9.49613373070896,9.61427174494836
"CPLANE1",4.54638500684023,4.72468201836184,4.56605069238108,5.08636520928041,4.8548515150212,4.98040351860096,3.74609316779624,3.75252142081307,4.10990780795252,5.21664995489254,5.3606045734147,5.12365297283651
"SLC7A1",8.41446238511215,7.97969358011196,8.10569373607387,7.66374652261057,6.99291966821036,7.10006643326727,6.37419337987098,6.09751002412277,6.70514766907567,8.18740710051567,7.62720845616731,7.79241069184006
"FAM173A",6.49803530136328,6.54944010922608,6.26840453651564,4.54979702794814,4.54940219935114,4.81298104128642,5.98483168052082,6.15400702925632,6.01951744481498,5.44704969140311,5.45145710252564,5.11465679171926
"TRAK2",8.72157204514605,8.82245314525394,8.70667599207889,7.20139177416169,6.50840142448229,6.82344095879137,7.80582223451016,7.90206172613403,8.13461109958659,7.20542435201566,7.06767015769349,7.1120306666961
"BNIP3",9.94277955490359,9.95254643961496,9.99899057078573,8.63387261653365,8.58333520088962,8.49469172212583,9.68875034378564,9.66533297699591,9.64434342285405,7.35206920362783,7.52957558878652,7.68938332518762
"SP1",7.37623025994756,7.30174709847048,7.26163783524131,7.74068881244885,7.342617434064,7.38272677377794,6.28419833929166,6.35357456762396,6.75519706462343,7.82903278583907,7.63976844226565,7.77276633603548
"SP4",5.57727245732081,5.67380083054144,5.9932440883412,5.48617839733404,4.29613426805206,4.75867572306604,4.84013734393266,5.69411827281965,5.82933879017282,5.95610188929907,6.02745927262486,5.88025756971151
"SPAG1",6.74982958936065,7.03426641013561,6.94775673798291,7.11212684229853,6.96894618578626,7.16489939865669,5.76677762844621,5.78925312221704,5.64339534412521,7.31698436962113,7.43145018591079,7.42046054414213
"SPTBN1",5.64217050013036,5.43346777154794,5.74024906005108,7.23634815686377,6.33086429443078,6.2870631139355,4.83671491170259,5.00504083057282,4.83108594656742,7.09253578673595,6.92173618381196,6.92963826440478
"STK4",8.86954731156137,9.26843427813359,9.32120256446755,8.96243778143859,7.86905373065664,7.78023024973449,8.17177790172193,8.67267177603168,9.02180535554981,8.96852664706065,8.67171237148405,8.97652039441278
"STYX",4.89564530967487,5.44713759291431,5.32182048110004,5.64925531744725,4.82393589222502,5.18266711420682,4.58820638706426,4.98558664150034,5.18118329507283,6.22703118934715,5.82038368236923,6.12472222064403
"TARS",11.4045807996796,11.333389599668,11.3204560042867,10.9442288488126,10.9869812907426,10.9828037337275,10.2803734257757,10.2303287640471,10.3584712705185,11.265616829055,11.2091740386847,11.2987570776636
"NR2C2",6.94304216741531,7.18173437143976,7.18347302468436,6.42449710949585,5.36964514502993,5.89347461109182,6.24331793725011,6.04304057619568,6.67887666305249,6.76388258666141,6.82665811702293,6.81569713564303
"PCAT18",8.34888742865049,8.37143103896842,8.28171057810634,6.31010876638526,5.60552853617492,5.63518715128231,7.54448673075758,7.67458464598041,8.2225662713312,6.59866611837724,6.57174952632098,6.505866780216
"ZNF814",4.82576649409599,4.84712713415284,4.9877871405413,5.78144779767637,4.82781063900553,5.384076042133,4.29310308620574,4.33530314271533,4.31153580498317,5.83831699836954,6.10295214590918,6.00804224771616
"UGCG",6.92825909925852,7.20269321299585,7.03842904668366,6.96351437386965,5.8448891432706,6.32491466485618,6.34986547856936,6.65275128429129,6.82213601105397,7.47528981582551,7.47815853775617,7.15906403881159
"UQCRC2",5.90008120624914,6.29474048660812,5.97256387903723,5.68166624552997,4.78100412097786,5.05776980515,4.69992200367295,5.28602722741079,5.41617679924312,5.95694601729415,6.03147151458623,6.0798794114801
"VARS",5.35871119119358,5.25074191029721,5.36559759004005,7.48436758482479,7.68300956329378,7.75723389095597,4.72575229337288,4.4025350081644,4.4170677080295,6.86053339773124,6.24811011288781,6.70911996003303
"VEGFA",5.86162283468096,5.99799690862628,6.03671460035265,4.93512737019074,4.95277046312012,4.81679293223248,5.42179607209818,4.34746210585337,4.95972133208722,4.41957812675688,4.40062119968991,4.87301497335813
"VLDLR",8.24449994552605,8.18208716355606,7.85534055915543,6.35775060929471,6.14071338066688,6.57232913434877,6.48601156538163,6.08759721548032,6.27822321684806,7.49916419063194,7.33007194439556,7.58630536853968
"ZMYM2",4.21174782963717,4.38645032290543,4.30385871911051,5.17425592035488,3.82410980349546,4.34636809854003,3.80264786063646,3.9437742426567,3.77328183828496,5.52850676365386,5.32366231208901,5.60718027348071
"PRDM2",6.96789573227339,6.86509910657619,6.83108711102119,7.70242200993225,6.31866695163846,6.6758517548814,6.10828015242642,6.31337167818133,6.41124385435582,8.03407991651168,8.15388273280834,7.82832898810335
"TMEM106C",6.03084765359936,6.0413777203996,5.90170868924138,5.68587455568915,4.32731648814404,4.78132091327233,4.95669749596015,4.94866900539217,5.60631673514055,5.74807370879881,5.77797725598151,5.62115826340844
"CHAC1",7.66388909808185,7.52059376847008,7.25194615853953,5.1902519020261,5.05201149444202,5.18564197197323,4.76061612357986,5.12558547361212,4.61057419087444,6.59609658355284,6.47791315095969,6.41908288230976
"FCRL2",5.78124747074733,5.84717512402509,5.72091105208568,4.43313441586042,4.56017218030095,4.46525274279453,6.33992907986234,6.97445815531551,7.04031191038577,4.84043528146534,4.30006130022405,4.65310860733077
"ATP13A3",8.2443622647547,8.08045087300545,8.34241094987956,8.62013327765491,8.02595634326983,7.94424778997797,7.52526282696839,7.50142708826091,7.57963842022517,8.72542959477756,8.59793424044666,8.62809728257312
"CEP97",6.84254986922141,6.99895630402225,6.93608663640426,7.5489698372984,7.06343557134383,7.22128962992879,6.05403456537885,5.94961101020554,6.23352296159273,7.65969774130448,7.58241487538833,7.74665260499367
"PARP8",6.37955030129998,6.22115320760034,6.3719154422012,7.43949044203343,7.20183672761416,7.38873970590807,5.80632077454371,5.47041428978676,5.74082042712675,7.67964918037344,7.92762864749786,7.77764265193563
"ZYG11B",5.46527706343105,4.53333898521583,5.1388352699085,7.06213392326015,5.72540410622331,6.36628927906281,4.50470873331156,4.14971374220661,4.73119404416649,7.33548972527444,7.15267882667368,7.26843623045731
"SUV39H2",6.07008835556833,6.22381331690326,5.83667830077006,6.71135018333469,5.77879773713772,5.93390314805092,4.83500574847896,5.59844257256739,5.41072753827918,6.74423324814323,6.76887624052902,6.73601522464603
"PTCD2",6.37635148111768,6.18738934897921,6.55629060143793,6.92203756133558,6.26719701685895,6.28751314016001,5.69004859345866,5.2860272274108,5.43076865527616,7.13594400454924,7.14378374146856,6.99238349972213
"TCTN2",7.18304539613898,7.3167499097126,7.6632728072596,6.78295124440818,7.44247417676986,7.21511480060125,8.3973999307714,8.47958987296098,8.60200030605652,6.41703388355533,6.58629200525209,6.68359802374503
"ATAD5",7.62693549014012,7.74258405100433,7.66297155746942,8.84050351481024,7.76480469663232,8.02923208595246,7.21926048603886,7.22032356771083,7.87686543761234,9.10163254944625,8.95256389387063,8.91652686268539
"KAT6A",5.41638948273622,5.71464837004313,5.74142718081378,6.57767211984974,4.28308330837459,5.01708520033667,3.999966683127,4.4924231430837,4.26698323049029,6.85886179065423,6.86642260194448,6.64678492224542
"ABCA11P",6.18120368109999,5.88997853133644,5.84803717731223,7.16591465432937,6.80054313124392,7.09120870616265,5.11605844058149,5.22691401301883,5.45610129315258,7.62204746399287,7.57698227756887,7.64919646234086
"SCD5",9.02579056466161,9.24663409435251,9.27329080681696,6.10181311853743,5.88981167630495,5.42269128756835,10.1962198414414,10.4241009542325,10.3950446294103,5.89217325707683,5.79721498994054,6.01500895696288
"POF1B",6.48775055687976,6.00137200379313,6.36684330609358,3.03929773781606,2.84223283886119,3.211581800132,5.55129368944505,4.91519818968765,5.04482598338523,3.211581800132,3.11423560575492,3.06319426018542
"DOCK5",5.82624631394001,5.4688164683784,5.6078672045122,5.56316876291014,5.31591671838547,5.65469575339046,3.82140124931157,4.17334546550027,4.28619800323536,4.90183854514842,4.80689394658448,5.09336295539588
"SIKE1",5.81418483082022,5.85913122124953,6.00032273150714,6.98145310479016,6.04062548207769,6.49517831162021,5.34951015927401,4.53977922967238,4.80420387179392,7.25422878608273,7.0878244153388,7.3129522446772
"NAA15",5.65178413156363,5.34397961694456,5.62621008491205,9.20054633348289,8.97556779764107,9.21979918831994,4.252034680037,4.44519566547151,4.57295493848287,8.83800083411525,8.67221265870092,8.71539061834634
"CEP290",6.84564363356818,6.93807081184913,6.76160142716697,7.21325042086242,6.36166023376137,6.23734211593245,5.81855826036538,5.90627471609905,6.04004564382955,7.3565974203514,7.19367652485512,7.40393676274197
"TRAF3IP3",5.75522450764477,5.59955604910556,5.74571548588117,6.01663354774992,4.87667512146555,5.09586904243764,4.96333108044195,5.04507077488347,4.70375719574801,6.10466966504312,5.84198246126623,6.11518061945687
"TNKS2",6.79099530366957,6.39919927236868,6.69739146204113,7.06057270905251,6.6570011123081,6.84861095456148,6.05786198961912,5.50998812399423,5.11394392264088,7.2046188855865,7.36592757944457,7.401556340606
"SETD7",8.80209407970424,8.66605587421374,8.67145152062333,9.42696121779106,9.37603687266252,9.48857371067619,7.97795559565301,7.39169406560325,7.74067102108461,8.97940159519469,9.23693126781003,9.10869475177663
"SLC7A5",11.1140124293023,11.0445584818529,10.9418012646328,10.0906333609712,10.2822083556874,10.3480412203708,9.67053969641572,9.67515272563088,9.53258838584908,10.6595240227718,10.490511557247,10.5878893709353
"TAF15",6.1900683382058,5.81671949248329,5.59059551348488,7.1479414238755,6.67921516681074,6.79599295838374,4.79647622844177,4.99469909349555,5.21389746464176,7.78151240462125,7.60754258108008,7.44094748579521
"SLC38A1",10.6716427365688,10.6484356322072,10.5733262303288,10.8565926056392,10.8586480528459,10.9433343820428,9.80126906534701,9.49806040943435,9.51236619568332,10.9329430548814,10.9750975279284,10.9248077468222
"DOCK8",8.40614297194348,8.8579340971781,8.63645300666938,7.36752165293823,5.88990986137382,5.99044874131935,7.88845329802709,8.01944873502042,8.39987527185545,7.72860672337555,7.73981374028289,7.42914246653202
"USP9X",6.16955185889669,6.32191418576609,6.16545889401165,5.39247990323577,4.31587686484993,5.12765977737826,5.94396959841908,5.3330629354217,6.05688272483378,5.98810149536489,6.18066219546272,5.81115782706633
"CARS",8.22631242665647,8.11920763148287,8.14728972454631,6.75984856108029,6.44424534290168,6.44737289793165,6.68952487442877,6.04003667835854,6.68096286774237,7.32607713427455,7.09298313878082,7.50188228928388
"HIST1H2AJ",6.84470016947384,7.37458279966482,7.42166647358307,6.22734084312705,5.81110483946418,5.46914570107463,6.81895027773387,7.18348164128537,7.11032472419333,6.91077719820219,7.05497526205117,6.83067599378547
"SESN2",7.69158694824987,7.70990628255236,7.56510824804537,6.27533405830701,6.0158062156311,5.92550452773182,5.73474688561077,5.81187700683637,5.59780832941388,7.23405102752613,6.78498353991406,7.05991711112219
"ITCH",6.62610475907556,6.70162740394374,6.41096564561497,6.98770891149869,6.187734815771,6.43980500529591,5.31348786983618,5.23944872657348,5.05392053252049,7.09695187040513,6.52021361363016,6.85484206110775
"EEA1",6.12011372685813,5.63980378001743,5.85892364430682,5.73639824905664,4.05341388676003,4.51313020308255,4.35569261966625,5.32514016059203,5.79213472717295,5.80511232896708,5.47491229079956,5.82447336881834
"ZNF528",5.98481740886927,6.20963134974371,6.20195923005203,6.87070775998636,7.69257593152989,6.78143528282165,7.49742816790347,7.37462794405888,7.54137538772184,6.13929131183212,6.71135018333469,6.04174289930759
"PGBD1",6.716226829272,6.36876290726665,6.39751286160243,7.05089222121706,6.81785977101787,7.01397817749798,5.73278310094474,5.8528640980227,5.74136693108596,7.26566335286328,7.22779005328801,7.23496818972244
"ZNF347",4.68699830600642,4.90576786024611,4.73996445181422,5.11345299968947,4.37132804121068,4.56502904131734,4.11614974196756,4.11168123322069,4.10439553686449,5.34355977615154,5.25193470023874,5.21536888796384
"GPT2",5.86386220253562,6.04942787046437,5.9956887025371,4.8342388037411,5.12543684144032,5.05271701408766,3.93229997558698,4.04395722905127,4.16906930800288,4.87495031482679,5.07089859493677,5.12292332898021
"SPPL2A",5.78082164353217,5.97970845880045,5.82994095783967,6.55158151527662,5.91650525376407,6.39492223024373,4.70302440091332,4.72314927496178,4.97824084348413,6.99941363864908,6.74246299015825,7.12590396577585
"SLC7A3",8.29350833666492,8.28444909482386,8.19918151499551,8.52962287536327,8.79124926137029,8.74817737801621,7.12015242530179,7.03902024911795,7.05312698739959,8.73712552080296,8.69643015112458,8.70886464539891
"ZNF566",6.03544419013885,6.20331743606747,6.21605374119623,6.89135344534612,6.14279791081049,6.2560770296625,5.65276369065272,5.52813676480507,5.34460975429911,6.80648047800149,6.77549528761952,6.85018615725012
"PPFIBP1",6.680049599613,6.67181746780515,6.56390219299961,6.31600004777443,5.20163769510901,5.37673496047628,5.58572724456144,5.58810035069703,6.2039658947103,6.59577422728821,6.24749746773723,6.35246518087066
"FBXL20",6.49803530136328,6.24439465306277,5.98644379353721,7.67125241184531,7.36118883204046,7.54781475957209,5.28374315098421,5.00324495977083,5.27139595366927,7.9585280237688,7.85994286516245,7.49218345599809
"BHLHE40",8.28975438071622,8.27223322771359,8.47900476990666,5.94968574008388,5.92807774559633,5.96857097041359,7.37280582975731,7.31979342728067,7.17274700528397,4.98458420761242,4.81631265989047,5.10674641419686
"YARS",10.9022843901163,10.9569930844857,10.8912276777451,10.5388671851503,10.5539609278645,10.5549709353054,9.89588299634942,9.87336633151057,9.8507583425999,10.7590208957257,10.8841252347229,10.8249167896552
"NCOA1",6.72436031017964,6.74465130782482,6.70343831887219,7.08843973940436,6.9690849352695,7.27672132259716,6.42877778964428,6.12601216064326,5.82837383390585,7.57921785574687,7.72419089376171,7.50111026671581
"CBL",7.97926506596281,8.12337582805552,7.96663544045998,7.85702474636198,6.98965210404828,7.11102414869758,7.23122310769459,7.41514061813655,7.57200053311082,8.3163243439264,8.08417396613765,8.16608241199414
"CBLB",7.32706466603513,7.15528778383791,7.18738362227957,7.72637638781512,7.14798977146744,7.53109949023482,6.56474674654465,6.51079135708342,6.43980500529591,7.85761584996573,7.78390832441642,7.73952080567878
"CBS",7.46586016022247,7.54564178894274,7.32425955167655,6.41360923408265,6.45893519848216,6.37979537034275,5.98382662376276,5.58744613112936,5.49266297015928,6.64408817170781,6.65336067053747,6.83002890973539
"ADAM9",6.8309944758967,6.88469501935216,6.83155636446619,8.26617432365031,8.02991278255677,8.21196880838135,6.02870888760913,5.78344821449167,5.63285723043417,8.24979731900295,8.36074239834032,8.42553660394707
"ADAM1A",5.78124747074733,5.85485326377831,5.94610861857096,7.64846554281633,7.20084315041311,7.66262797537453,5.03399337619974,5.05955604775857,4.97310142551698,7.60708111040047,7.76162436257082,7.74955209512656
"ARHGEF7",7.40011948378907,7.03590561022528,7.12798792995516,5.77038523667455,5.10981482062545,5.38174478519535,6.65754198018465,6.77407186716913,7.2438099960559,7.00948081502487,6.80033997360424,6.71375630259158
"EIF2S2",7.49654447814275,7.44063096364413,7.41015847814583,7.49268780901457,7.56479796141124,7.51240251690324,6.56502725919512,6.56888815804056,6.4869247038713,7.62838216093665,7.86585475809376,7.70298139106742
"TRIM4",9.4109852187633,9.46066854752341,9.5091774606094,7.76538661888941,7.6479105812677,7.83680355409352,10.2628673844659,10.7428106301895,10.4099759453394,7.86749117060953,7.85410977161445,7.88222665602371
"AP3D1",6.72605213494065,6.70790949699384,6.79594352856887,6.68562891763324,5.7033628844135,6.20987286862377,5.81596639616556,5.69968951333667,6.16923695976348,6.60873281851817,6.23020422398423,6.62727002641408
"WASL",6.9662032628991,7.36838946227634,7.39478180363691,7.89397979106015,6.53992879647671,6.55125427561132,6.62564687101919,6.98022857414274,7.23535091830368,8.05874296589671,7.98994827468981,8.04185623675696
"ACVR1",7.01174405709714,7.0028679508725,6.95525987945718,4.65098674875508,4.39255449691263,4.6189361338124,6.31013919543308,6.4601061389046,6.08848383769797,4.68752761849743,5.10437404817636,4.81292897872286
"TAF1B",6.21933958684508,5.94771263694816,5.67479528723299,6.84216182387906,6.34131141251144,6.86675056356023,5.2513466643583,5.53807665707641,5.16041051489796,7.25302084129629,7.18375444133261,6.91336189151229
"SPAG9",7.07986969397421,6.783233816034,6.71275427067831,6.86464394306632,5.54773876475689,6.32491466485618,5.94275164890856,5.93625873267805,6.5325811296785,7.25575560758818,7.11808274496564,7.23077671314106
"CEP95",4.51068535981734,4.7427580144201,4.55333927331328,4.92561332429378,3.57657357314322,3.65202461392541,4.16741581100665,4.29031815706762,4.62010614964516,5.24172776968288,5.05208416159773,5.08041075949526
"SEC22C",8.58586015115356,8.5709409896499,8.52803339428365,7.79000309312043,6.58212699696052,7.22190152460886,7.68517755058251,7.88955634976774,8.09678692540899,8.50180551707134,8.19227127554637,8.32649679665151
"SLC16A6",7.90691077249326,7.64651785635989,7.71892624234278,6.99946895670877,6.98340758208619,7.10239856091646,5.72602830742858,5.24961950135352,5.4222136127108,6.93818172279574,7.02341692319657,6.93757812138984
"NEMF",7.99639798069339,7.5567818655207,7.77502414663553,8.27124198100434,7.86449288438864,7.94012144132894,7.01262743867875,6.35275510477404,7.0566016158212,8.2547452585876,8.17168999222747,8.16065720846469
"YTHDC1",6.48989107503602,6.71435044693881,6.68302534210907,7.2628069628157,6.2093917037102,6.15152164966537,5.71939248136952,6.13860186339285,6.31957834021522,7.49426700508974,7.44878119309504,7.52596912904203
"NXPE3",6.68819989152444,6.64762119284168,6.46887178237649,7.19634462460043,6.53992879647671,6.75320191698885,5.86362873761404,6.25561335287222,6.36703610108871,7.52696962442384,7.31308909750222,7.48103042739779
"ALKBH8",5.78124747074733,5.74514626419509,5.83991807621187,6.97864914692685,6.70836417365946,6.91442710210547,4.09883783949522,4.31916870182236,4.99796996673725,6.9690849352695,7.05627520067689,6.94398814659771
"ARRDC4",4.79384221013447,4.40562779685152,4.69407515633039,6.28171416624023,6.18679608471547,6.52692255218418,5.03458923061355,4.24742966381722,4.58703207193966,7.34592130328343,7.17943825458929,7.44626112853519
"ZMYM6",6.5952161519079,6.41468933561747,6.33866200197077,6.96054980000519,6.46821857220297,6.93614021185393,5.58998105463015,5.7008543623693,5.3233894866064,6.96479284989031,7.15357014025532,6.95011959513575
"ZMYM5",7.2728706573745,7.63087890383409,7.71105427077569,7.26016932523143,6.33086429443078,6.60625124658635,6.60620012068921,6.89856639012911,7.30502279066594,7.55925447322871,7.72906212199479,7.5512960588891
"CTBP1-DT",7.25873971780524,7.6666727247079,7.26565641021649,6.93309392444232,8.24892464567393,7.67639348983717,8.45373532430523,8.58765510466853,8.45933956737896,7.31110411079414,7.02891592679753,6.77568507038903
"VAPB",4.62010614964516,4.9556215210011,4.54005873811905,6.04074232828278,4.76745498499318,5.02371963197874,3.9176015409474,4.31936461353335,3.66595275947181,6.74423324814323,6.49676892512753,6.23830454567994
"TIFA",6.73791009617377,7.08193873141987,6.65188701428202,5.250980994129,5.14246828231274,5.27665627199585,5.66832502538972,6.34347486673976,6.24053788868971,5.40357017287222,5.59910232696805,5.64212764602008
"HELB",4.65631678478175,4.84424346478613,5.00834534749852,5.91794706510848,4.98534083246732,5.02810086185474,4.45056755965314,4.39135218104566,4.15065237296164,6.05228324781356,5.86906419103028,5.76951592743308
"NDST3",7.64422342576782,7.49924985025445,7.40070356590655,8.19955572890638,7.43356278437465,7.45873607583436,6.56929325583605,6.99024251658705,6.93747322535187,8.31887342757394,8.21319831436996,8.24270740779663
"LPXN",4.53421334016104,5.11730227643414,5.26020738456953,5.3487778822136,4.56716222396584,4.99152774143675,4.89046676072449,4.53719359983055,4.86068957706515,6.36967301409468,6.2593275278077,6.3714300655171
"PAXBP1",7.22986338696615,7.317949068895,7.44271331286376,7.93394499535683,7.33337484475997,7.34046372938659,6.6227730712842,6.84233343777425,6.91432396612996,8.0886114926231,8.03856114036682,7.96506562320872
"SCAMP1",7.93164408760302,8.10981019562504,7.8143351969721,8.75654341304236,8.12387649442848,8.16153685159283,7.0632691119662,6.91806881127073,7.54137538772184,8.68298071397044,8.65566064167935,8.727891712696
"BAG4",7.08818160162433,7.37818848501122,7.48808856150373,7.62217689674683,6.73269689034164,6.69609640236137,6.62641372460933,6.84442920168582,6.74951942642853,7.82221248150538,7.53977174905953,7.54273089876401
"ENTPD5",5.98963088331083,6.27182957541224,5.96026417973723,7.05866820902014,6.8245294967759,6.95184217834282,5.41152369626294,5.44041593824139,5.11460899827982,7.21633971105974,7.34085002660586,7.18936513239266
"CD44",7.35052076903482,7.32194995009692,7.44127157381636,7.4419569433325,7.34609130353227,7.77062640660823,6.43372357229267,6.05823007414184,6.42425613697807,7.13675321872337,7.15358245056524,6.89306529152248
"CD47",8.91210598398976,9.23894830974007,9.24485941714178,10.1893609454087,9.42554323533686,9.48844835055275,8.49180660668588,8.79385309749281,8.90211646906113,10.4941832291871,10.5168845092275,10.2686283804089
"ABCG1",4.91162341339102,4.73464833651183,5.04770754773402,7.89068566664305,7.62545490713218,7.76857706874542,3.86973568742945,3.50104838903406,4.19794006050067,7.69245824846199,7.96670941362579,8.01726790309143
"MORF4L2",4.6497596278413,4.43255026184601,5.0095800896182,6.20916655738206,5.47740826762644,5.64989129842606,4.11372625945535,4.07916931081334,4.28370486802251,6.45683974812454,6.19535328970893,6.18289693515107
"DZIP3",7.07471117959361,6.65747034270263,6.66860994345874,7.40197369165617,7.20928741453493,7.53077642191406,6.17537718581437,5.80683958554341,5.91687073884958,7.62176870751271,7.81453930081487,7.92819793283461
"RAPGEF2",4.2497160487264,4.33661102149952,4.0601069813012,5.0472095574047,3.89601420220799,4.1011918643713,3.47037204512444,3.41637852761978,3.81466845856376,5.1307244264035,4.82396467074005,5.00820484872211
"EDEM1",10.5416513930767,10.5863016080645,10.4694495180893,9.18193491127804,9.25144816167365,9.1390263649745,9.87238937753173,9.7740888524176,9.72509502214053,10.2093522866535,10.1953944379983,10.1496469891037
"CEP57",11.0726072724735,11.1479318813252,11.209970320584,10.0222377743085,9.23653004844763,9.43382777674135,10.6551529248399,10.6968132166136,10.910104459446,10.514325555234,10.4120293893457,10.4175955593119
"TCAF1",7.90570046728179,7.82040870663026,7.79214469691097,8.90800022017872,8.31380208225166,8.41512347842732,6.88954837612306,7.21372681865825,7.47670024777436,9.04082799395754,9.08217408372202,8.8361331061548
"RIMS3",9.73330927709967,9.68965839888109,9.53083780352689,7.11758503915878,7.39976348944835,7.44944576309778,9.12237737221582,9.05926718449023,9.11264191104767,8.12843881847638,8.16531362394753,8.16001467414685
"ELMO1",8.18530747193866,7.96525853707789,7.90598823563615,7.4101518998967,7.40708638885222,7.6917357803329,7.15324666341249,6.99942897445152,6.85559688225621,7.02962375603365,6.88096296215598,6.91542310960837
"CEP350",7.72962544995209,7.32146331869887,7.42721749941287,8.24785336875516,7.54946920382455,7.55428134639241,7.31516779548091,7.03849802627334,7.06063990114286,8.50513568874491,8.3537234181953,8.5637377028903
"LRIG2",7.86681585410056,7.97894969985407,7.85980330743432,8.32101934905529,8.21997400915278,8.42442104715685,7.2904971108746,7.4197701812527,6.85009079281462,8.6578149226158,8.67286356542135,8.55273601350032
"CDC5L",7.28130719913571,7.55856311970923,7.5983204821821,6.71161947235237,7.49547353331547,6.55773555632878,8.30242260270998,8.86413863480093,8.74752955501113,6.24549152276039,6.95997066164839,6.55147018218069
"AMMECR1",6.19703470689793,6.28365855742692,6.02901020705663,7.46702811567812,7.46221811307157,7.44130596503353,5.00656668011885,5.23035307356481,4.99383832341967,7.33818606402595,7.34467011486058,7.30124019448477
"CDC25C",5.94522129944706,6.12246095860624,6.02177296428552,6.7977857875974,6.1662598561609,6.34416347396298,5.62039587977242,5.84536298562378,5.76384247309043,7.21408431283185,7.34912043905626,7.23799465093605
"HS3ST3B1",4.50749064727642,4.14903287101989,4.59195251761455,5.55870039915246,5.03525354105604,5.48266621087262,3.08694990253645,3.06020010994277,3.58551345165644,6.05376378183301,6.14595612996912,6.16214304808009
